t,NDVI,NIRv,EVI2,PPI
2017-01-28,,,,
2017-01-31,,,,
2017-02-07,,,,
2017-02-10,,,,
2017-02-17,,,,
2017-02-20,,,,
2017-02-27,,,,
2017-03-02,,,,
2017-03-09,,,,
2017-03-12,,,,
2017-03-19,,,,
2017-03-22,,,,
2017-03-24,,,,
2017-03-27,,,,
2017-03-29,,,,
2017-04-01,,,,
2017-04-03,,,,
2017-04-06,,,,
2017-04-08,,,,
2017-04-11,0.5039734,0.125275,0.28741774,0.3493337
2017-04-13,0.5031969,0.1258185,0.2882258,0.35305703
2017-04-16,0.50169736,0.12688258,0.28978896,0.36052668
2017-04-18,0.50056297,0.12770005,0.29097316,0.36643803
2017-04-21,0.49891254,0.12890874,0.29269794,0.37547815
2017-04-23,0.49798125,0.12960084,0.2936717,0.3808291
2017-04-26,0.48180613,0.11484041,0.2683601,0.29587656
2017-04-28,0.47421443,0.106782205,0.25404492,0.25602818
2017-05-01,0.47819033,0.10730927,0.2553429,0.25707334
2017-05-06,0.49596274,0.10957979,0.26078448,0.261256
2017-05-08,0.50130737,0.11008589,0.26206356,0.26151043
2017-05-11,0.50523627,0.10993405,0.26209277,0.2590626
2017-05-13,0.50643206,0.11018714,0.26259974,0.2599634
2017-05-16,0.5084547,0.1109269,0.26401553,0.26275247
2017-05-18,0.5101883,0.11139578,0.26492774,0.264417
2017-05-21,0.5136567,0.11202452,0.26620883,0.26631573
2017-05-26,0.51551527,0.11619086,0.27346045,0.28742343
2017-05-28,0.51518726,0.11816904,0.27677423,0.29842165
2017-05-31,0.5158021,0.11958594,0.27918482,0.30614045
2017-06-02,0.5204874,0.12281058,0.28486472,0.32276213
2017-06-05,0.53393275,0.13265488,0.3018745,0.37858996
2017-06-07,0.535829,0.13411784,0.30436158,0.3876664
2017-06-10,0.5422166,0.1356886,0.30739734,0.3944243
2017-06-12,0.5558688,0.13923892,0.31415638,0.4104232
2017-06-15,0.56560034,0.14260738,0.32028818,0.4279563
2017-06-17,0.56451637,0.14347373,0.32158458,0.43503165
2017-06-20,0.56272006,0.14736068,0.32745844,0.47009462
2017-06-22,0.5608634,0.15136325,0.33333167,0.5149513
2017-06-25,0.5831079,0.16389976,0.35429123,0.6352709
2017-06-27,0.599041,0.16869998,0.36295164,0.63653547
2017-06-30,0.613344,0.17017114,0.3665304,0.6344942
2017-07-02,0.62131804,0.17161496,0.36936224,0.64292777
2017-07-05,0.6271301,0.17294441,0.37181032,0.6535919
2017-07-07,0.6271301,0.17294441,0.3718103,0.6535919
2017-07-10,,,,
2017-07-12,,,,
2017-07-15,,,,
2017-07-17,,,,
2017-07-20,,,,
2017-07-22,,,,
2017-07-25,0.63807094,0.122027494,0.28126302,0.36989468
2017-07-27,0.63807094,0.122027494,0.28126302,0.36989468
2017-07-30,0.6102022,0.11458908,0.26689225,0.33550823
2017-08-01,0.6102022,0.11458908,0.26689225,0.33550823
2017-08-04,0.62128985,0.13210829,0.2977548,0.38644436
2017-08-06,0.6213182,0.13932008,0.30935973,0.43816817
2017-08-09,0.6652725,0.18771191,0.3942673,0.91868
2017-08-11,0.675731,0.19324555,0.40466788,0.94154936
2017-08-14,0.68963027,0.2030444,0.42140228,1.0778464
2017-08-16,0.6944288,0.20675905,0.42732197,1.1502208
2017-08-19,0.6974822,0.20915072,0.43099692,1.1925851
2017-08-21,0.6974822,0.20915072,0.43099692,1.1925933
2017-08-24,,,,
2017-08-26,,,,
2017-08-29,0.6541717,0.19737153,0.41022682,1.0632687
2017-08-31,0.65516704,0.1979016,0.41108084,1.0834745
2017-09-03,0.65712404,0.19894578,0.4127609,1.0831923
2017-09-05,0.6586355,0.19975382,0.41405907,1.1186613
2017-09-08,0.66088325,0.20095822,0.4159907,1.1181246
2017-09-10,0.6621774,0.20165308,0.41710335,1.1429985
2017-09-13,0.6657278,0.20356454,0.4201576,1.1415273
2017-09-15,,,,
2017-09-18,0.571162,0.16142027,0.34959966,0.6106313
2017-09-20,0.571162,0.1614203,0.34959963,0.6106312
2017-09-23,0.571162,0.16142027,0.34959963,0.610631
2017-09-28,0.571162,0.1614203,0.34959963,0.6106312
2017-09-30,0.571162,0.16142027,0.34959966,0.6106313
2017-10-03,,,,
2017-10-05,,,,
2017-10-08,,,,
2017-10-10,,,,
2017-10-13,,,,
2017-10-15,,,,
2017-10-18,,,,
2017-10-20,,,,
2017-10-23,,,,
2017-10-25,,,,
2017-10-28,,,,
2017-10-30,,,,
2017-11-02,0.40639818,0.0851149,0.21219878,0.17120463
2017-11-04,0.40639818,0.0851149,0.2121988,0.17120463
2017-11-07,0.40639818,0.0851149,0.2121988,0.17120461
2017-11-09,0.40639818,0.0851149,0.2121988,0.17120461
2017-11-12,0.40639818,0.0851149,0.2121988,0.17120463
2017-11-14,0.40639818,0.0851149,0.21219878,0.17120463
2017-11-17,,,,
2017-11-19,,,,
2018-01-23,,,,
2018-01-26,,,,
2018-01-28,,,,
2018-01-31,,,,
2018-02-02,,,,
2018-02-05,,,,
2018-02-07,,,,
2018-02-10,,,,
2018-02-12,,,,
2018-02-15,,,,
2018-02-17,,,,
2018-02-20,,,,
2018-02-22,,,,
2018-02-25,,,,
2018-02-27,,,,
2018-03-02,,,,
2018-03-04,,,,
2018-03-07,,,,
2018-03-09,,,,
2018-03-12,,,,
2018-03-14,,,,
2018-03-17,,,,
2018-03-19,,,,
2018-03-22,,,,
2018-03-24,,,,
2018-03-27,,,,
2018-03-29,,,,
2018-04-01,,,,
2018-04-03,,,,
2018-04-06,,,,
2018-04-08,,,,
2018-04-11,,,,
2018-04-13,,,,
2018-04-16,0.46348825,0.05396298,0.15107116,0.048566557
2018-04-18,0.4634883,0.05396299,0.15107118,0.048566572
2018-04-21,0.46348825,0.05396299,0.15107118,0.048566572
2018-04-23,0.46348825,0.053962976,0.15107116,0.04856654
2018-04-26,0.46348825,0.053962987,0.15107116,0.04856657
2018-04-28,0.46348825,0.053962987,0.15107116,0.04856656
2018-05-01,0.48023096,0.08576897,0.21597554,0.16131508
2018-05-03,0.48220822,0.08702662,0.21839376,0.1661831
2018-05-06,0.48773056,0.09070799,0.2255411,0.18034978
2018-05-08,0.49268904,0.09386322,0.23164055,0.19261836
2018-05-11,0.5018551,0.09930055,0.24210426,0.21389185
2018-05-13,0.50788313,0.10273163,0.24864534,0.22756746
2018-05-16,0.52379835,0.11144906,0.2649731,0.2641645
2018-05-18,0.53686965,0.11911993,0.2790124,0.2991188
2018-05-21,0.5431632,0.124878556,0.2892347,0.32847333
2018-05-23,0.5424311,0.12639824,0.2917707,0.33770284
2018-05-26,0.5448192,0.12947819,0.29703677,0.35569665
2018-05-31,0.58089876,0.14274582,0.32094222,0.42675164
2018-06-02,0.5837829,0.14353627,0.32239565,0.4308421
2018-06-05,0.584334,0.14448513,0.3239675,0.4384603
2018-06-07,0.5857179,0.1469536,0.32799453,0.46115676
2018-06-10,0.58711404,0.14963423,0.33225715,0.4925901
2018-06-12,0.58780545,0.151046,0.33444834,0.5154028
2018-06-15,0.5907338,0.15466404,0.3402249,0.53777826
2018-06-17,0.59717077,0.16029786,0.34955728,0.5832187
2018-06-20,0.6057361,0.16736777,0.36111286,0.62136275
2018-06-22,0.6066844,0.16802217,0.36217332,0.6276346
2018-06-25,0.60238343,0.17270496,0.3688785,0.71022236
2018-06-27,0.5952368,0.18237026,0.3821639,0.80045617
2018-06-30,0.5922542,0.18711203,0.3884261,0.85516214
2018-07-02,0.591958,0.18694663,0.38816628,0.8522449
2018-07-05,0.5917522,0.17512806,0.37147692,0.72436047
2018-07-07,0.59524775,0.15313418,0.33836997,0.50981754
2018-07-10,0.59819925,0.14072178,0.31851855,0.4002299
2018-07-12,0.5981547,0.13933127,0.31641877,0.38715222
2018-07-15,0.59849113,0.14000547,0.31772664,0.3896051
2018-07-17,0.6008964,0.15431245,0.34102792,0.5080031
2018-07-20,0.593806,0.17573963,0.3725744,0.7336753
2018-07-22,0.5880163,0.17716983,0.37397236,0.76992905
2018-07-25,0.5757386,0.17895928,0.37496465,0.78003675
2018-07-27,0.56776565,0.17868422,0.37350228,0.8111261
2018-07-30,0.55876714,0.1739178,0.3656803,0.76225764
2018-08-01,0.55489475,0.16673091,0.35463035,0.6926735
2018-08-04,0.55228734,0.15572737,0.335751,0.65230364
2018-08-06,0.5511541,0.14871533,0.32409707,0.5535768
2018-08-09,0.55359507,0.14962707,0.32617456,0.6009464
2018-08-11,0.55455136,0.15808974,0.3407006,0.63642365
2018-08-14,0.557438,0.16466962,0.3516536,0.70651084
2018-08-16,0.5600551,0.16780557,0.3569191,0.7294135
2018-08-19,0.56514746,0.17052366,0.36175004,0.719004
2018-08-21,0.56639725,0.16430739,0.35299256,0.64246714
2018-08-24,0.5631259,0.15429933,0.337944,0.56241137
2018-08-26,0.56000066,0.14958642,0.3305556,0.49716493
2018-08-29,0.5567677,0.14714545,0.32646835,0.47497475
2018-08-31,0.55594885,0.14730938,0.32660782,0.4778055
2018-09-03,0.549276,0.14509234,0.3226009,0.46329284
2018-09-05,0.5351319,0.13841875,0.31104007,0.41775173
2018-09-08,0.5278521,0.13508528,0.30520016,0.39723524
2018-09-10,0.5278521,0.13508528,0.30520016,0.39723524
2018-09-13,0.5286193,0.13556421,0.30602366,0.4001349
2018-09-15,0.5338248,0.1388843,0.3116852,0.42130727
2018-09-18,0.55897564,0.14590499,0.3248488,0.45935586
2018-09-20,0.5615648,0.1455176,0.3244692,0.45405906
2018-09-23,0.5679175,0.14455865,0.32344133,0.44149396
2018-09-25,0.5724318,0.14386368,0.32263023,0.43287292
2018-09-28,0.5581837,0.13931124,0.3140727,0.40899795
2018-09-30,0.50453866,0.12662925,0.28765205,0.357211
2018-10-03,0.43225017,0.10857957,0.24695231,0.29143503
2018-10-05,0.19984624,0.057194192,0.1346288,0.099699385
2018-10-08,0.37411144,0.09119532,0.21430229,0.21029931
2018-10-10,0.40864137,0.09887752,0.23319528,0.23595409
2018-10-13,0.47765443,0.112221345,0.2641053,0.27921548
2018-10-15,0.4776545,0.112221345,0.2641053,0.27921548
2018-10-18,0.4776544,0.11222134,0.26410526,0.27921546
2018-10-20,0.47765443,0.112221345,0.2641053,0.27921548
2018-10-23,0.35216075,0.10004072,0.22866768,0.266032
2018-10-25,0.29994622,0.093414105,0.2081939,0.25174877
2018-10-28,0.29994622,0.093414105,0.2081939,0.25174883
2018-10-30,0.29994622,0.093414105,0.2081939,0.25174883
2018-11-02,0.29994622,0.093414105,0.2081939,0.25174877
2018-11-04,0.29994625,0.09341411,0.20819391,0.25174883
2018-11-07,,,,
2018-11-09,,,,
2018-11-12,0.219736,0.058228526,0.14222638,0.10088011
2018-11-14,0.212132,0.05650943,0.13805784,0.09519648
2018-11-17,0.19594619,0.05277787,0.12897578,0.08292216
2018-11-19,0.18219331,0.049533844,0.12104767,0.07229413
2019-01-23,,,,
2019-01-26,,,,
2019-01-28,,,,
2019-01-31,,,,
2019-02-02,,,,
2019-02-05,,,,
2019-02-07,,,,
2019-02-10,,,,
2019-02-12,,,,
2019-02-15,,,,
2019-02-17,,,,
2019-02-20,,,,
2019-02-22,,,,
2019-02-25,,,,
2019-02-27,,,,
2019-03-02,,,,
2019-03-04,,,,
2019-03-07,,,,
2019-03-09,,,,
2019-03-12,,,,
2019-03-14,,,,
2019-03-17,,,,
2019-03-19,,,,
2019-03-22,,,,
2019-03-24,,,,
2019-03-27,,,,
2019-03-29,,,,
2019-04-01,,,,
2019-04-03,,,,
2019-04-06,,,,
2019-04-08,,,,
2019-04-11,,,,
2019-04-13,,,,
2019-04-16,0.43617767,0.08354557,0.21168633,0.15666786
2019-04-18,0.43617764,0.08354556,0.2116863,0.15666784
2019-04-21,0.46675596,0.08789268,0.22050194,0.1692831
2019-04-23,0.46739468,0.08829075,0.22127248,0.17075135
2019-04-26,0.46971968,0.08977395,0.22412054,0.17631255
2019-04-28,0.47161582,0.09102477,0.2264948,0.18111801
2019-05-01,0.4731536,0.09206754,0.22845541,0.18520986
2019-05-03,0.4736523,0.0924113,0.22909811,0.18657668
2019-05-06,0.47365227,0.09241132,0.22909813,0.1865767
2019-05-08,,,,
2019-05-11,0.5003749,0.10400258,0.25148043,0.22948635
2019-05-13,0.5003749,0.10400258,0.2514804,0.2294863
2019-05-16,0.49574777,0.10202202,0.24778228,0.22149988
2019-05-18,0.4925191,0.10070782,0.24527116,0.21649407
2019-05-21,0.4856714,0.09809345,0.24012701,0.20711388
2019-05-23,0.48084274,0.096383,0.2366426,0.20132557
2019-05-26,0.53564346,0.12355536,0.2864338,0.3234607
2019-05-28,0.57564986,0.14486028,0.32435697,0.43820328
2019-05-31,0.5840439,0.14997718,0.33305478,0.47173697
2019-06-02,0.5831776,0.15050031,0.33378068,0.4790897
2019-06-05,0.5791309,0.15310779,0.33725953,0.51285094
2019-06-07,0.57688004,0.1546807,0.3392514,0.52305984
2019-06-10,0.55907196,0.16933553,0.3593012,0.70993483
2019-06-12,0.55907196,0.16933553,0.3593012,0.70993453
2019-06-15,0.55907196,0.16933556,0.3593012,0.70993495
2019-06-17,,,,
2019-06-20,,,,
2019-06-22,,,,
2019-06-25,0.65273774,0.18043843,0.3849064,0.70596546
2019-06-27,0.65273786,0.18043843,0.3849064,0.70596653
2019-06-30,0.65273786,0.18043843,0.3849064,0.7059663
2019-07-02,0.65273786,0.18043843,0.3849064,0.7059663
2019-07-05,0.64601725,0.16691132,0.36371112,0.568915
2019-07-07,0.632611,0.14736356,0.3316171,0.41451478
2019-07-10,0.62997615,0.15243222,0.33982882,0.45440546
2019-07-12,0.63208765,0.16347177,0.35754782,0.55440146
2019-07-15,0.63384074,0.1818255,0.38555348,0.7473595
2019-07-17,0.6339765,0.18912871,0.39617783,0.83594054
2019-07-20,0.6337127,0.19068807,0.398377,0.8781593
2019-07-22,0.63156456,0.18921024,0.3960288,0.8574959
2019-07-25,0.6241128,0.18517512,0.38942742,0.7928369
2019-07-27,0.6174298,0.18271619,0.3851151,0.7567276
2019-07-30,0.606782,0.18345155,0.38448876,0.7340606
2019-08-01,0.6006459,0.18551533,0.38615996,0.66627645
2019-08-04,0.59828335,0.18523806,0.3861708,0.7468612
2019-08-06,0.60279536,0.18238407,0.38303065,0.76809186
2019-08-09,0.6053495,0.18067706,0.38085333,0.78194046
2019-08-11,0.60516125,0.18048605,0.3804826,0.7811816
2019-08-14,0.6048403,0.18027088,0.38003263,0.7804779
2019-08-16,0.52994597,0.0446857,0.12730816,0.015742596
2019-08-19,0.5852783,0.1728651,0.36776966,0.7095751
2019-08-21,0.5852783,0.17286511,0.3677697,0.7095753
2019-08-24,0.58488554,0.17140225,0.3656115,0.6880794
2019-08-26,0.58434445,0.16931984,0.3625198,0.6804267
2019-08-29,0.58322394,0.164685,0.35555387,0.6253115
2019-08-31,0.58275914,0.16258627,0.3523598,0.59524125
2019-09-03,0.582449,0.16110587,0.35009122,0.5820569
2019-09-05,0.582449,0.16110592,0.35009125,0.582057
2019-09-08,0.61385924,0.18759,0.39195132,0.87911564
2019-09-10,0.61385924,0.18759003,0.39195135,0.87911624
2019-09-13,0.61385924,0.18759,0.39195126,0.8791157
2019-09-15,0.61385924,0.18759,0.39195126,0.8791157
2019-09-18,0.61385924,0.18759003,0.39195135,0.87911624
2019-09-20,0.61385924,0.18759,0.39195132,0.87911564
2019-09-23,,,,
2019-09-25,,,,
2019-09-28,0.5471058,0.15179378,0.33085564,0.5541359
2019-09-30,0.5471058,0.1517938,0.33085564,0.5541359
2019-10-03,0.54710585,0.15179378,0.3308556,0.5541358
2019-10-05,0.5471058,0.15179378,0.3308556,0.5541357
2019-10-08,0.5471058,0.15179378,0.33085564,0.55413604
2019-10-10,0.5471058,0.15179378,0.33085564,0.55413586
2019-10-13,0.5471058,0.15179378,0.33085564,0.5541359
2019-10-15,,,,
2019-10-18,,,,
2019-10-20,,,,
2019-10-23,0.21010795,0.08953368,0.17612089,0.2664226
2019-10-25,0.21010795,0.08953367,0.17612086,0.26642254
2019-10-28,0.21010795,0.08953367,0.17612086,0.26642257
2019-10-30,0.21010795,0.08953368,0.17612086,0.26642257
2019-11-02,0.21010795,0.08953369,0.17612089,0.26642263
2019-11-04,0.21010798,0.08953369,0.1761209,0.26642263
2019-11-07,0.21010795,0.08953368,0.17612089,0.26642263
2019-11-09,,,,
2019-11-12,,,,
2019-11-14,,,,
2019-11-17,,,,
2019-11-19,,,,
2019-11-22,,,,
2019-11-29,,,,
2019-12-02,,,,
2019-12-09,,,,
2020-01-08,,,,
2020-01-11,,,,
2020-01-18,0.13658355,0.049003154,0.10656623,0.08185482
2020-01-21,0.13658354,0.049003143,0.1065662,0.08185478
2020-01-23,0.13658354,0.049003143,0.1065662,0.08185478
2020-01-28,0.13658355,0.049003154,0.10656622,0.08185482
2020-01-31,,,,
2020-02-02,,,,
2020-02-05,,,,
2020-02-07,,,,
2020-02-10,,,,
2020-02-12,,,,
2020-02-15,,,,
2020-02-17,,,,
2020-02-20,,,,
2020-02-22,,,,
2020-02-25,,,,
2020-02-27,,,,
2020-03-01,,,,
2020-03-03,,,,
2020-03-06,,,,
2020-03-08,,,,
2020-03-11,,,,
2020-03-13,,,,
2020-03-16,,,,
2020-03-18,,,,
2020-03-21,,,,
2020-03-23,,,,
2020-03-26,,,,
2020-03-28,,,,
2020-03-31,0.45657757,0.09762386,0.23767436,0.21486029
2020-04-02,0.4559957,0.09751289,0.23743723,0.2145192
2020-04-05,0.45461074,0.09723874,0.23686504,0.21355599
2020-04-07,0.45354486,0.0970518,0.23646067,0.2129511
2020-04-10,0.45213366,0.09684216,0.23598205,0.21232319
2020-04-12,0.45162132,0.09679045,0.23584172,0.21221311
2020-04-15,0.4512519,0.096773595,0.23576556,0.21224536
2020-04-17,0.45148844,0.09683499,0.23587435,0.21247531
2020-04-20,,,,
2020-04-22,,,,
2020-04-25,,,,
2020-04-27,,,,
2020-04-30,,,,
2020-05-02,,,,
2020-05-05,,,,
2020-05-07,,,,
2020-05-10,0.44304565,0.13209555,0.29072458,0.42266282
2020-05-12,0.4430456,0.13209552,0.29072452,0.42266268
2020-05-15,0.5039667,0.10524018,0.25380006,0.23519875
2020-05-17,0.5039683,0.10522956,0.25378522,0.23511803
2020-05-20,0.5039749,0.10518903,0.25372654,0.23484191
2020-05-22,0.50398123,0.10515387,0.25367275,0.2346344
2020-05-25,0.50411856,0.105698735,0.25462365,0.23731211
2020-05-27,0.504902,0.10922667,0.26066795,0.25542748
2020-05-30,0.5070375,0.11984976,0.27800822,0.31931603
2020-06-01,0.5022361,0.13150372,0.29729727,0.3877055
2020-06-04,0.5022361,0.13150373,0.29729727,0.38770553
2020-06-06,0.5022361,0.13150372,0.29729727,0.38770553
2020-06-09,0.54883134,0.13613388,0.30871764,0.38879284
2020-06-11,0.55733466,0.13802107,0.31240797,0.3967386
2020-06-14,0.5566739,0.14017667,0.3157904,0.41283622
2020-06-16,0.55730116,0.14189567,0.31855267,0.42551804
2020-06-19,0.5621137,0.14472555,0.32336786,0.44512877
2020-06-21,0.5680103,0.14707845,0.327488,0.46244594
2020-06-24,0.5765912,0.15340912,0.33791378,0.5232318
2020-06-26,0.5764516,0.15577519,0.34151545,0.54992646
2020-06-29,0.5753022,0.15660328,0.34266877,0.5582034
2020-07-01,0.5753021,0.15660328,0.34266877,0.55820334
2020-07-04,0.5753021,0.15660326,0.34266874,0.558203
2020-07-06,,,,
2020-07-09,0.6286402,0.18056178,0.38317257,0.73188746
2020-07-11,0.62663364,0.1802836,0.38257673,0.7320189
2020-07-14,0.6227146,0.17973772,0.38140294,0.7289156
2020-07-16,0.6197114,0.17931707,0.38049453,0.7169861
2020-07-19,0.6152247,0.17894804,0.3795119,0.7171441
2020-07-21,0.6126679,0.18060943,0.38166913,0.7466802
2020-07-24,0.61368704,0.18779734,0.3915221,0.8877611
2020-07-26,0.6225627,0.18705647,0.39118692,0.8756547
2020-07-29,0.63147223,0.18284212,0.38644546,0.7866868
2020-07-31,0.6400259,0.17920339,0.3820565,0.7158407
2020-08-03,0.6429631,0.17468183,0.37555286,0.6662358
2020-08-05,0.6309423,0.17041622,0.36817086,0.6257205
2020-08-08,0.61446893,0.16652569,0.36094624,0.60480267
2020-08-10,0.61207736,0.16595848,0.35988513,0.5994776
2020-08-13,0.60947734,0.16601291,0.3597767,0.6049644
2020-08-15,0.60282034,0.1655691,0.35856768,0.59862643
2020-08-18,0.5964042,0.16470122,0.35670716,0.59560454
2020-08-20,0.5943765,0.16526255,0.35737327,0.610373
2020-08-23,0.59825104,0.17290664,0.36907884,0.6935592
2020-08-25,0.6064206,0.18296725,0.38448018,0.82067674
2020-08-28,0.61216253,0.18826886,0.39265788,0.86943316
2020-08-30,0.6053863,0.17632945,0.37486053,0.70730865
2020-09-02,0.5920215,0.1599126,0.34920663,0.5674904
2020-09-04,0.5893557,0.15919404,0.34789798,0.56024075
2020-09-07,0.58736336,0.16257131,0.35283646,0.60544664
2020-09-09,0.5860491,0.16440503,0.35544172,0.62002426
2020-09-12,0.583297,0.16691934,0.35847178,0.6502691
2020-09-14,0.5822758,0.16782187,0.3591058,0.6709794
2020-09-17,0.5800233,0.16808094,0.35880756,0.6833524
2020-09-19,0.5800233,0.16808094,0.35880756,0.68335253
2020-09-22,0.54079443,0.1344014,0.3052747,0.38127077
2020-09-24,0.5200031,0.11938983,0.27940717,0.2996224
2020-09-27,0.5199291,0.12039039,0.281071,0.30531803
2020-09-29,0.51980615,0.12181603,0.28342363,0.31362396
2020-10-02,0.5194606,0.12499472,0.2885936,0.33303124
2020-10-04,0.5192725,0.12643664,0.29090467,0.34228623
2020-10-07,0.5191282,0.12745471,0.29252374,0.34901026
2020-10-09,0.5191282,0.12745471,0.29252374,0.34901032
2020-10-12,,,,
2020-10-14,,,,
2020-10-17,,,,
2020-10-19,,,,
2020-10-22,,,,
2020-10-24,,,,
2020-10-27,,,,
2020-10-29,,,,
2020-11-01,0.39185184,0.08856429,0.21677172,0.19126974
2020-11-03,0.393786,0.09001958,0.21940212,0.19751512
2020-11-06,0.39740443,0.09289741,0.22453567,0.21024738
2020-11-08,0.4000323,0.09513432,0.22846371,0.22053084
2020-11-11,0.40163463,0.09806026,0.23332216,0.23524553
2020-11-13,0.38547045,0.09591434,0.2278501,0.23064059
2020-11-18,0.2041252,0.052720174,0.13017717,0.08303723
2021-01-02,,,,
2021-01-12,,,,
2021-01-15,,,,
2021-01-22,,,,
2021-01-25,,,,
2021-01-27,,,,
2021-01-30,,,,
2021-02-01,,,,
2021-02-04,,,,
2021-02-06,,,,
2021-02-09,,,,
2021-02-11,,,,
2021-02-14,,,,
2021-02-16,,,,
2021-02-19,,,,
2021-02-21,,,,
2021-02-24,,,,
2021-02-26,,,,
2021-03-01,,,,
2021-03-03,,,,
2021-03-06,,,,
2021-03-08,,,,
2021-03-11,,,,
2021-03-13,,,,
2021-03-16,,,,
2021-03-18,,,,
2021-03-21,,,,
2021-03-23,,,,
2021-03-26,,,,
2021-03-28,,,,
2021-03-31,,,,
2021-04-02,,,,
2021-04-05,,,,
2021-04-07,,,,
2021-04-10,,,,
2021-04-12,,,,
2021-04-15,0.5290892,0.075725615,0.19814727,0.10901141
2021-04-17,0.5290892,0.075725615,0.19814727,0.10901141
2021-04-20,0.52908915,0.07572561,0.19814725,0.10901139
2021-04-22,0.52908915,0.07572561,0.19814725,0.10901139
2021-04-25,0.47536892,0.105149135,0.25200582,0.24422798
2021-04-27,0.47536892,0.10514914,0.25200585,0.24422802
2021-04-30,0.4738931,0.10595747,0.25348547,0.24794275
2021-05-02,0.47389305,0.10595747,0.25348544,0.2479427
2021-05-05,0.48340067,0.104826264,0.25204813,0.23934455
2021-05-07,0.48867056,0.10447556,0.25184172,0.23558787
2021-05-10,0.50410503,0.10338572,0.25084448,0.2249042
2021-05-12,0.50620437,0.10314438,0.25050426,0.22313027
2021-05-15,0.50586975,0.1029421,0.25010252,0.22244315
2021-05-17,0.50563806,0.10281278,0.24984105,0.22202124
2021-05-20,0.50537914,0.102677606,0.24956371,0.2215935
2021-05-22,0.5020312,0.07237445,0.19131772,0.102034874
2021-05-25,0.6007654,0.13256626,0.30551824,0.33987582
2021-05-30,0.5996214,0.1380186,0.31471106,0.37373775
2021-06-01,0.5986943,0.1401973,0.31831965,0.38816783
2021-06-04,0.59831035,0.14128429,0.32012817,0.39583582
2021-06-06,0.6013336,0.1403293,0.31853205,0.3917248
2021-06-09,0.6156748,0.14336114,0.3229968,0.43345886
2021-06-11,0.6261702,0.15239291,0.33821127,0.493564
2021-06-14,0.6343428,0.17040883,0.36830246,0.6319918
2021-06-16,0.6359524,0.17757511,0.37956548,0.71168005
2021-06-19,0.63697344,0.18261811,0.38721263,0.79026204
2021-06-21,0.63697344,0.18261811,0.38721263,0.790262
2021-06-24,0.6945994,0.1926653,0.40638626,0.8450336
2021-06-26,0.69459933,0.19266528,0.40638623,0.845033
2021-06-29,0.69304293,0.19267727,0.4063072,0.8561052
2021-07-01,0.69084686,0.19269592,0.40619436,0.83826435
2021-07-04,0.6858545,0.1931833,0.40659043,0.83634484
2021-07-06,0.68313736,0.19514425,0.40932676,0.88968086
2021-07-09,0.67780286,0.20305933,0.42049778,0.974062
2021-07-11,0.67500126,0.20388606,0.42143172,1.0070856
2021-07-14,0.6733767,0.19976999,0.41533998,0.96402043
2021-07-16,0.6730046,0.19952163,0.41492522,0.98170555
2021-07-19,0.66953653,0.2090451,0.42815638,1.1029669
2021-07-21,0.663006,0.21828924,0.44016656,1.4003884
2021-07-24,0.6481377,0.21540631,0.43438604,1.335462
2021-07-26,0.6372043,0.20531256,0.41928828,1.1040453
2021-07-29,0.62849116,0.1962405,0.40567967,1.0151312
2021-07-31,0.6254755,0.1932083,0.4010773,0.96222764
2021-08-03,0.6254756,0.1932083,0.4010773,0.9622281
2021-08-05,,,,
2021-08-08,0.6310447,0.18344401,0.38759607,0.80863965
2021-08-10,0.6310447,0.18344402,0.38759607,0.8086399
2021-08-13,0.6310447,0.18344402,0.38759607,0.80863965
2021-08-15,0.6310447,0.18344402,0.38759607,0.80863965
2021-08-18,0.6310447,0.18344402,0.38759607,0.8086399
2021-08-20,0.6310447,0.18344401,0.38759607,0.80863965
2021-08-23,,,,
2021-08-25,,,,
2021-08-28,0.6749474,0.21578446,0.43816653,1.361925
2021-08-30,0.6749474,0.21578448,0.43816653,1.3619276
2021-09-02,0.6749473,0.21578446,0.43816647,1.3619243
2021-09-04,0.6749474,0.21578448,0.43816653,1.3619274
2021-09-07,0.6749474,0.21578448,0.43816653,1.3619264
2021-09-09,0.6749474,0.21578448,0.4381665,1.3619254
2021-09-12,0.6749474,0.21578448,0.43816653,1.361927
2021-09-14,,,,
2021-09-17,,,,
2021-09-19,,,,
2021-09-22,0.64261645,0.1673746,0.36434576,0.58006614
2021-09-24,0.64261645,0.1673746,0.3643458,0.5800662
2021-09-27,0.64261645,0.1673746,0.36434576,0.5800661
2021-09-29,0.64261645,0.1673746,0.36434576,0.5800661
2021-10-02,0.64261645,0.1673746,0.3643458,0.5800662
2021-10-04,0.64261645,0.1673746,0.36434576,0.58006614
2021-10-07,,,,
2021-10-09,,,,
2021-10-12,0.5783352,0.1581187,0.34509924,0.5583933
2021-10-14,0.5783353,0.15811871,0.34509924,0.5583934
2021-10-17,0.5783352,0.1581187,0.34509924,0.55839324
2021-10-19,0.5783352,0.1581187,0.34509924,0.55839324
2021-10-22,0.5783352,0.1581187,0.34509924,0.5583933
2021-10-24,0.5783353,0.15811871,0.34509924,0.5583934
2021-10-27,0.5783353,0.15811871,0.34509924,0.5583934
2021-10-29,,,,
2021-11-01,0.38510525,0.11651802,0.25767475,0.37620872
2021-11-03,0.38510525,0.11651805,0.2576748,0.3762089
2021-11-06,0.38510525,0.116518036,0.25767478,0.37620878
2021-11-08,0.38510528,0.11651804,0.2576748,0.37620884
2021-11-11,0.38510525,0.11651802,0.25767475,0.37620863
2021-11-13,0.38510525,0.116518036,0.25767478,0.37620875
2021-11-16,0.38510525,0.11651805,0.2576748,0.37620887
2021-11-18,,,,
2021-11-21,,,,
2021-11-28,,,,
2021-12-01,,,,
2021-12-08,,,,
2022-01-07,,,,
2022-01-10,,,,
2022-01-17,,,,
2022-01-20,,,,
2022-01-22,,,,
2022-01-25,,,,
2022-01-27,,,,
2022-01-30,,,,
2022-02-01,,,,
2022-02-04,,,,
2022-02-06,,,,
2022-02-09,,,,
2022-02-11,,,,
2022-02-14,,,,
2022-02-16,,,,
2022-02-19,,,,
2022-02-21,,,,
2022-02-24,,,,
2022-02-26,,,,
2022-03-01,,,,
2022-03-03,,,,
2022-03-06,,,,
2022-03-08,,,,
2022-03-11,,,,
2022-03-13,,,,
2022-03-16,,,,
2022-03-18,,,,
2022-03-21,,,,
2022-03-23,,,,
2022-03-26,,,,
2022-03-28,,,,
2022-03-31,,,,
2022-04-02,,,,
2022-04-05,,,,
2022-04-07,,,,
2022-04-10,,,,
2022-04-12,,,,
2022-04-15,,,,
2022-04-17,,,,
2022-04-20,,,,
2022-04-22,,,,
2022-04-25,,,,
2022-04-27,,,,
2022-04-30,,,,
2022-05-02,,,,
2022-05-05,,,,
2022-05-07,,,,
2022-05-10,0.4922106,0.10272042,0.24780694,0.23541827
2022-05-12,0.4922106,0.10272042,0.24780694,0.23541826
2022-05-15,0.50897545,0.10413414,0.25149146,0.23376611
2022-05-17,0.52056795,0.10541029,0.25445,0.23485023
2022-05-20,0.54373765,0.10812273,0.26034576,0.23830111
2022-05-22,0.5517829,0.10933425,0.26279438,0.24091254
2022-05-25,0.55778426,0.11427314,0.27188873,0.26208153
2022-05-27,0.5643181,0.12717701,0.2946076,0.32798004
2022-05-30,0.5760538,0.14711013,0.3277919,0.46073693
2022-06-01,0.586428,0.15145123,0.3353143,0.49406457
2022-06-04,0.6146131,0.15116905,0.3367385,0.4679549
2022-06-06,0.6340456,0.15120032,0.33773598,0.4538388
2022-06-09,0.64355695,0.15127158,0.33822477,0.4477726
2022-06-11,0.64355695,0.15127158,0.33822477,0.4477726
2022-06-14,0.64355695,0.15127158,0.33822477,0.44777256
2022-06-16,,,,
2022-06-19,0.67085594,0.17618571,0.37963486,0.6473171
2022-06-21,0.6700487,0.17723095,0.38121086,0.6685619
2022-06-24,0.66564053,0.17962481,0.3846329,0.7053964
2022-06-26,0.66083,0.1815023,0.3871738,0.71668637
2022-06-29,0.65010935,0.18447343,0.39081857,0.76405704
2022-07-01,0.6437905,0.18637694,0.39307344,0.7909165
2022-07-04,0.6395925,0.18946649,0.39711267,0.83965385
2022-07-06,0.63952374,0.19133285,0.39971557,0.8490081
2022-07-09,0.63890153,0.194535,0.40413013,0.8952151
2022-07-11,0.77952373,0.2505192,0.49604592,1.801203
2022-07-14,0.77952373,0.2505192,0.49604586,1.801203
2022-07-16,,,,
2022-07-19,,,,
2022-07-21,,,,
2022-07-24,,,,
2022-07-26,,,,
2022-07-29,,,,
2022-07-31,,,,
2022-08-03,,,,
2022-08-05,,,,
2022-08-08,0.6576532,0.19317874,0.4041958,0.83968
2022-08-10,0.6576532,0.19317874,0.40419573,0.83968
2022-08-13,0.6573594,0.1935815,0.40476528,0.84921765
2022-08-15,0.65639794,0.19490573,0.40662876,0.8834407
2022-08-18,0.65259975,0.20130105,0.41552645,1.0656286
2022-08-20,0.65299827,0.20408967,0.41955715,1.1480738
2022-08-23,0.66517216,0.2006913,0.41593927,1.0663561
2022-08-25,0.67750305,0.19655119,0.41078928,0.96037006
2022-08-28,0.6891057,0.19307137,0.40614295,0.87709695
2022-08-30,0.6932404,0.1919214,0.40453488,0.8679941
2022-09-02,0.68187857,0.21088332,0.43198428,1.3269539
2022-09-04,0.67682326,0.22012192,0.44427392,1.4642551
2022-09-07,0.67682326,0.22012192,0.44427392,1.4642622
2022-09-09,0.67682326,0.22012192,0.44427392,1.4642622
2022-09-12,0.67682326,0.22012192,0.44427392,1.4642551
2022-09-14,0.6768233,0.22012192,0.444274,1.4642637
2022-09-17,0.65213484,0.19009927,0.39927357,0.8808121
2022-09-19,0.6521348,0.19009927,0.39927357,0.8808119
2022-09-22,0.6521348,0.19009927,0.39927357,0.8808118
2022-09-24,0.6521348,0.19009927,0.39927357,0.8808118
2022-09-27,0.6511075,0.18897063,0.39753607,0.855003
2022-09-29,0.64382154,0.18114366,0.38536507,0.7489301
2022-10-02,0.6344054,0.17160907,0.3702213,0.63532263
2022-10-04,0.6342719,0.17174324,0.37040925,0.63752276
2022-10-07,0.63376784,0.17225772,0.37111473,0.6477048
2022-10-09,0.63333505,0.17270872,0.37171376,0.6609897
2022-10-12,0.6329691,0.1730961,0.372214,0.6800342
2022-10-14,0.6137855,0.19134349,0.3973966,1.0978009
2022-10-17,0.6137855,0.1913435,0.39739662,1.0978013
2022-10-19,,,,
2022-10-22,,,,
2022-10-24,,,,
2022-10-27,,,,
2022-10-29,,,,
2022-11-01,,,,
2022-11-03,,,,
2022-11-06,0.4111614,0.115684636,0.26108804,0.3490074
2022-11-08,0.4111614,0.11568464,0.26108804,0.3490075
2022-11-11,0.41116142,0.11568464,0.26108804,0.34900746
2022-11-13,0.4111614,0.11568464,0.26108804,0.34900746
2022-11-16,0.4111614,0.11568464,0.26108804,0.3490075
2022-11-18,0.41116142,0.11568464,0.26108804,0.34900746
2022-11-23,,,,
2022-11-26,,,,
2022-12-03,,,,
2022-12-06,,,,
2023-01-12,,,,
2023-01-15,,,,
2023-01-22,,,,
2023-01-25,,,,
2023-01-27,,,,
2023-01-30,,,,
2023-02-01,,,,
2023-02-04,,,,
2023-02-06,,,,
2023-02-09,,,,
2023-02-11,,,,
2023-02-14,,,,
2023-02-16,,,,
2023-02-19,,,,
2023-02-21,,,,
2023-02-24,,,,
2023-02-26,,,,
2023-03-01,,,,
2023-03-03,,,,
2023-03-06,,,,
2023-03-08,,,,
2023-03-11,,,,
2023-03-13,,,,
2023-03-16,,,,
2023-03-18,,,,
2023-03-21,,,,
2023-03-23,,,,
2023-03-26,,,,
2023-03-28,,,,
2023-03-31,,,,
2023-04-02,,,,
2023-04-05,,,,
2023-04-07,,,,
2023-04-10,,,,
2023-04-12,,,,
2023-04-15,,,,
2023-04-17,,,,
2023-04-20,,,,
2023-04-22,,,,
2023-04-25,,,,
2023-04-27,,,,
2023-04-30,0.5236909,0.1021086,0.24857971,0.21775398
2023-05-02,0.5236908,0.10210858,0.24857968,0.2177539
2023-05-05,0.51930267,0.09812717,0.24121964,0.20040937
2023-05-07,0.51678675,0.09614164,0.23749523,0.19226043
2023-05-10,0.513968,0.09458688,0.23456734,0.18619396
2023-05-12,0.5145245,0.09589409,0.23708245,0.1914055
2023-05-15,0.5227777,0.10244532,0.24952318,0.2173517
2023-05-17,0.5387975,0.11148344,0.2664267,0.25426996
2023-05-20,0.55823314,0.12314317,0.28761733,0.30719334
2023-05-22,0.5606198,0.12690216,0.2941452,0.32746977
2023-05-25,0.5620498,0.1337067,0.30556902,0.36898246
2023-05-27,0.5626702,0.1367659,0.31060284,0.38933134
2023-05-30,0.56309843,0.13891575,0.31410354,0.40437016
2023-06-01,0.56309843,0.13891575,0.31410354,0.40437016
2023-06-04,0.60464984,0.16525307,0.35826266,0.6100544
2023-06-06,0.60463476,0.1651631,0.35813448,0.6076077
2023-06-09,0.60429066,0.16586252,0.35918558,0.6147854
2023-06-11,0.6037204,0.16653158,0.36015463,0.62536424
2023-06-14,0.60050994,0.16784205,0.36182618,0.63868487
2023-06-16,0.5964137,0.16815102,0.3618853,0.649005
2023-06-19,0.58803254,0.16659294,0.3587267,0.64079404
2023-06-21,0.58331245,0.16552208,0.35664704,0.63222057
2023-06-24,0.57947254,0.16541255,0.35606372,0.63905984
2023-06-26,0.5782203,0.1657631,0.35643384,0.6536525
2023-06-29,0.5768762,0.16800934,0.3595263,0.67188764
2023-07-01,,,,
2023-07-04,0.6186217,0.14580223,0.32355356,0.528318
2023-07-06,0.6186217,0.14580223,0.32355356,0.5283182
2023-07-09,0.61766195,0.14666231,0.3252144,0.5360619
2023-07-11,0.6145376,0.14948913,0.3305412,0.5439508
2023-07-14,0.59941524,0.16369133,0.3545342,0.60010225
2023-07-16,0.5905608,0.17234725,0.36716893,0.68727773
2023-07-19,0.58659405,0.17629252,0.37248847,0.74848706
2023-07-21,0.5865939,0.17629248,0.37248847,0.74848706
2023-07-26,,,,
2023-07-29,,,,
2023-07-31,,,,
2023-08-03,,,,
2023-08-05,,,,
2023-08-08,0.6143369,0.14324264,0.32389373,0.39622572
2023-08-13,0.60670006,0.15004501,0.33426285,0.46331322
2023-08-15,0.6051329,0.15606137,0.34349367,0.5351959
2023-08-18,0.61163473,0.17519775,0.37329176,0.71916366
2023-08-20,0.6210695,0.18725368,0.39189687,0.883134
2023-08-23,0.6308922,0.19431436,0.40301967,0.97380227
2023-08-25,0.63436216,0.19467609,0.40390554,0.981243
2023-08-28,0.63436216,0.19467609,0.40390554,0.98124266
2023-08-30,,,,
2023-09-02,0.6256978,0.16593036,0.36104533,0.5852616
2023-09-04,0.6268682,0.16608676,0.3613622,0.58576137
2023-09-07,0.629561,0.16679002,0.3626202,0.5908355
2023-09-09,0.63225186,0.16808315,0.36478776,0.6029033
2023-09-12,0.6389562,0.17417903,0.3745671,0.6779039
2023-09-14,0.64399916,0.18082485,0.38493955,0.7588854
2023-09-17,0.6462126,0.18379897,0.38951835,0.7985203
2023-09-19,0.64155424,0.17539074,0.37654603,0.6862828
2023-09-22,0.63481075,0.16382024,0.3582386,0.5522176
2023-09-24,0.6337476,0.16210224,0.35547107,0.53618443
2023-09-27,0.60389936,0.14969066,0.3339117,0.45387304
2023-09-29,0.52689904,0.12083563,0.281216,0.31533897
2023-10-02,0.47971523,0.10553005,0.25137332,0.2568438
2023-10-04,0.49093822,0.10825364,0.2569397,0.2659616
2023-10-07,0.5433653,0.121534035,0.28258708,0.3229448
2023-10-09,0.5741754,0.12936164,0.29674885,0.37712255
2023-10-12,0.58838737,0.13288672,0.30292514,0.3980414
2023-10-14,0.5883873,0.13288672,0.30292514,0.39804134
2023-10-17,0.58838737,0.13288674,0.30292514,0.3980415
2023-10-19,,,,
2023-10-22,0.48148528,0.19237746,0.37367022,1.0475597
2023-10-24,0.48148522,0.19237746,0.3736702,1.0475599
2023-10-27,0.48148528,0.19237746,0.3736702,1.0475596
2023-10-29,0.4814853,0.19237746,0.37367025,1.0475596
2023-11-01,0.48148528,0.19237746,0.3736702,1.04756
2023-11-03,0.48148528,0.1923775,0.37367022,1.0475599
2023-11-08,,,,
2023-11-11,,,,
2023-11-13,,,,
2023-11-16,,,,
2023-11-18,,,,
2023-11-21,,,,
2023-11-28,,,,
2023-12-01,,,,
2023-12-08,,,,
2024-01-07,,,,
2024-01-10,,,,
2024-01-17,,,,
2024-01-20,,,,
2024-01-25,,,,
2024-01-27,,,,
2024-01-30,,,,
2024-02-01,,,,
2024-02-04,,,,
2024-02-06,,,,
2024-02-09,,,,
2024-02-11,,,,
2024-02-14,,,,
2024-02-16,,,,
2024-02-19,,,,
2024-02-21,,,,
2024-02-24,,,,
2024-02-26,,,,
2024-02-29,,,,
2024-03-02,,,,
2024-03-05,,,,
2024-03-07,,,,
2024-03-10,,,,
2024-03-12,,,,
2024-03-15,,,,
2024-03-17,,,,
2024-03-20,,,,
2024-03-22,,,,
2024-03-25,,,,
2024-03-27,,,,
2024-03-30,,,,
2024-04-01,,,,
2024-04-04,,,,
2024-04-06,,,,
2024-04-09,,,,
2024-04-11,,,,
2024-04-14,,,,
2024-04-16,,,,
2024-04-19,,,,
2024-04-21,,,,
2024-04-24,0.5348461,0.105535,0.255293,0.2288557
2024-04-26,0.5348461,0.10553499,0.25529298,0.22885568
2024-04-29,0.5348151,0.105554484,0.25536954,0.22867869
2024-05-01,0.5347965,0.10556792,0.25541905,0.2285771
2024-05-04,0.53421015,0.10621623,0.25663453,0.23142219
2024-05-06,0.5335132,0.107825436,0.25955263,0.2390158
2024-05-09,0.53427756,0.11233243,0.26761144,0.26074526
2024-05-11,0.5364381,0.11461591,0.2716944,0.27167624
2024-05-14,0.54033077,0.11729675,0.27654532,0.28406334
2024-05-16,0.5437165,0.11957935,0.28068614,0.2945708
2024-05-19,0.5516145,0.12394147,0.2885749,0.31500423
2024-05-21,0.55615723,0.12642229,0.2930168,0.3271488
2024-05-24,0.56062835,0.12928632,0.29806283,0.34205058
2024-05-26,0.5652028,0.13363771,0.30551338,0.36714545
2024-05-29,0.6064333,0.15978394,0.3498044,0.5558231
2024-05-31,0.61983114,0.16637385,0.36099845,0.61334866
2024-06-03,0.62454706,0.16731621,0.36286184,0.61185145
2024-06-05,0.6272904,0.16847722,0.3648602,0.61242473
2024-06-08,0.62970126,0.17062914,0.36833075,0.64143586
2024-06-10,0.6307555,0.171972,0.37045246,0.66595334
2024-06-13,0.63150406,0.17567779,0.37609434,0.6900737
2024-06-15,,,,
2024-06-18,0.6468126,0.1871655,0.39442334,0.819278
2024-06-20,0.6468126,0.18716548,0.3944233,0.8192776
2024-06-23,0.6462092,0.18812004,0.39577562,0.838688
2024-06-25,0.64514935,0.18982278,0.3981675,0.85637003
2024-06-28,0.64127815,0.19633086,0.40707347,0.9691291
2024-06-30,0.6381047,0.20200932,0.4145473,1.1257364
2024-07-03,0.6382837,0.20813271,0.42292878,1.2402103
2024-07-05,0.644558,0.21181196,0.42891276,1.2784407
2024-07-08,0.65016955,0.21346985,0.43187857,1.3058527
2024-07-10,0.6499154,0.21297112,0.43113425,1.340974
2024-07-13,0.6499742,0.21020806,0.42741084,1.2647437
2024-07-15,0.6538574,0.20541033,0.421342,1.1775745
2024-07-18,0.6570434,0.1999328,0.41403323,1.0076696
2024-07-20,0.65394825,0.2003451,0.41429392,1.0258945
2024-07-23,0.64774656,0.20639995,0.42205015,1.2533079
2024-07-25,0.64612675,0.21259435,0.43030304,1.4016682
2024-07-28,0.6440944,0.22127317,0.44152054,1.3177478
2024-07-30,0.6433085,0.21982543,0.43935886,1.2487419
2024-08-04,0.65966135,0.159414,0.35213995,0.5031244
2024-08-07,0.6629636,0.15159805,0.33910793,0.44537422
2024-08-09,0.6569183,0.1556469,0.34451056,0.50669295
2024-08-12,0.6493183,0.16199626,0.3518693,0.505004
2024-08-14,0.6510487,0.16758284,0.36133024,0.5366209
2024-08-17,0.65978575,0.19247289,0.4029289,0.8773173
2024-08-19,0.65833604,0.20796673,0.42549202,1.337535
2024-08-22,0.6393689,0.21532905,0.4331616,1.4641292
2024-08-24,0.6231983,0.21508673,0.4304626,1.5356004
2024-08-27,0.6095885,0.20780507,0.41883722,1.3786868
2024-08-29,0.6060061,0.20030612,0.40835646,1.3121032
2024-09-03,0.61804026,0.18563691,0.38958168,0.8871667
2024-09-06,0.6262485,0.18201317,0.38519174,0.8174376
2024-09-08,0.6255735,0.18208736,0.38523817,0.82287955
2024-09-11,0.62454647,0.18159752,0.38442877,0.805195
2024-09-13,0.62891084,0.17788036,0.3793506,0.73878604
2024-09-16,0.63828576,0.17173909,0.3707993,0.63511145
2024-09-18,0.6398946,0.17088205,0.36958978,0.6224285
2024-09-21,0.6398946,0.17088205,0.36958975,0.6224284
2024-09-23,0.6398946,0.17088203,0.36958975,0.6224284
2024-09-26,0.623939,0.18593484,0.39045453,0.87149626
2024-09-28,0.623939,0.18593481,0.3904545,0.87149566
2024-10-01,0.623939,0.18593484,0.3904545,0.8714962
2024-10-03,0.623939,0.18593484,0.39045453,0.8714962
2024-10-08,0.623939,0.18593483,0.3904545,0.8714959
2024-10-11,0.623939,0.18593484,0.39045453,0.8714961
2024-10-13,,,,
2024-10-16,,,,
2024-10-18,,,,
2024-10-21,,,,
2024-10-23,,,,
2024-10-26,,,,
2024-10-28,,,,
2024-10-31,,,,
2024-11-02,,,,
2024-11-05,,,,
2024-11-07,,,,
2024-11-10,,,,
2024-11-12,,,,
2024-11-15,,,,
2024-11-17,,,,
2024-11-22,,,,
2024-11-25,,,,
2024-12-05,,,,
