t,GPP
2018-01-01,0.0
2018-01-02,0.0
2018-01-03,0.0
2018-01-04,0.0
2018-01-05,0.0
2018-01-06,0.0
2018-01-07,0.0
2018-01-08,0.0
2018-01-09,0.0
2018-01-10,0.0
2018-01-11,0.0
2018-01-12,0.0
2018-01-13,0.0
2018-01-14,0.0
2018-01-15,0.0
2018-01-16,0.0
2018-01-17,0.0
2018-01-18,0.0
2018-01-19,0.0
2018-01-20,0.0
2018-01-21,0.0
2018-01-22,0.0
2018-01-23,0.0
2018-01-24,0.0
2018-01-25,0.0
2018-01-26,0.0
2018-01-27,0.0
2018-01-28,0.0
2018-01-29,0.0
2018-01-30,0.0
2018-01-31,0.0
2018-02-01,0.0
2018-02-02,0.0
2018-02-03,0.0
2018-02-04,0.0
2018-02-05,0.0
2018-02-06,0.0
2018-02-07,0.0
2018-02-08,0.0
2018-02-09,0.0
2018-02-10,0.0
2018-02-11,0.0
2018-02-12,0.0
2018-02-13,0.0
2018-02-14,0.0
2018-02-15,0.0
2018-02-16,0.0
2018-02-17,0.0
2018-02-18,0.0
2018-02-19,0.0
2018-02-20,0.0
2018-02-21,0.0
2018-02-22,0.0
2018-02-23,0.0
2018-02-24,0.0
2018-02-25,0.0
2018-02-26,0.0
2018-02-27,0.0
2018-02-28,0.0
2018-03-01,0.0
2018-03-02,0.0
2018-03-03,0.0
2018-03-04,0.0
2018-03-05,0.0
2018-03-06,0.0
2018-03-07,0.0
2018-03-08,0.0
2018-03-09,0.0
2018-03-10,0.0
2018-03-11,0.0
2018-03-12,0.0
2018-03-13,0.0
2018-03-14,0.0
2018-03-15,0.0
2018-03-16,0.0
2018-03-17,0.0
2018-03-18,0.0
2018-03-19,0.0
2018-03-20,0.0
2018-03-21,0.0
2018-03-22,0.0
2018-03-23,0.0
2018-03-24,0.0
2018-03-25,0.0
2018-03-26,0.0
2018-03-27,0.0
2018-03-28,0.0
2018-03-29,0.0
2018-03-30,0.0
2018-03-31,0.0
2018-04-01,0.0
2018-04-02,0.0
2018-04-03,0.0
2018-04-04,0.0
2018-04-05,0.0
2018-04-06,1.7356699167450942
2018-04-07,2.384980629001096
2018-04-08,0.0
2018-04-09,0.0
2018-04-10,0.0
2018-04-11,0.0
2018-04-12,3.6421111740974768
2018-04-13,3.8331315594863433
2018-04-14,3.439865971085229
2018-04-15,3.990868087193319
2018-04-16,3.8104791944566663
2018-04-17,4.528264274338771
2018-04-18,3.516051127755784
2018-04-19,4.700994644681744
2018-04-20,3.9629502519898985
2018-04-21,3.3589003275421656
2018-04-22,3.5526496687020974
2018-04-23,2.6440696512647137
2018-04-24,1.5130671511138851
2018-04-25,4.745442898473743
2018-04-26,4.97770049600724
2018-04-27,5.532220935966048
2018-04-28,5.490841317651252
2018-04-29,5.185141451524132
2018-04-30,5.396017718999299
2018-05-01,2.234637301495635
2018-05-02,0.9146542543971358
2018-05-03,2.7360685844215595
2018-05-04,1.651231944043521
2018-05-05,5.569689671237054
2018-05-06,6.788878424046826
2018-05-07,4.598230552927748
2018-05-08,6.41879137646616
2018-05-09,7.080312897876212
2018-05-10,7.238939336198079
2018-05-11,7.064032309924136
2018-05-12,6.490729354648107
2018-05-13,6.959081668715702
2018-05-14,7.123143602184307
2018-05-15,5.908091931394337
2018-05-16,7.063084598495347
2018-05-17,4.742147570118577
2018-05-18,5.84822255986399
2018-05-19,6.051359672310582
2018-05-20,5.405115749893893
2018-05-21,6.882978590150903
2018-05-22,5.997449981927643
2018-05-23,6.5099263719946805
2018-05-24,6.252629169418832
2018-05-25,6.601301022815754
2018-05-26,6.364252783240701
2018-05-27,6.438241953643978
2018-05-28,6.459891285670928
2018-05-29,6.417804450436535
2018-05-30,6.2286267526908965
2018-05-31,6.259782923531947
2018-06-01,5.416940511707403
2018-06-02,6.367755651755248
2018-06-03,4.62249911883794
2018-06-04,5.117394652815597
2018-06-05,4.557052022891457
2018-06-06,3.846757852363382
2018-06-07,3.670339991371103
2018-06-08,4.3324841074912674
2018-06-09,3.1724201075052805
2018-06-10,5.545600539238542
2018-06-11,6.322435374467279
2018-06-12,2.636199567081493
2018-06-13,4.189720455524101
2018-06-14,4.075061128209017
2018-06-15,4.810855910496361
2018-06-16,5.601289206342641
2018-06-17,5.815943510697081
2018-06-18,3.4160663744195
2018-06-19,4.108046155566215
2018-06-20,7.57320295466828
2018-06-21,7.29250396401022
2018-06-22,1.7130140864427963
2018-06-23,3.6260949861871463
2018-06-24,9.319563239105795
2018-06-25,6.186167775629588
2018-06-26,7.993926050837029
2018-06-27,8.179673870911694
2018-06-28,1.9327000158301155
2018-06-29,6.24649919000024
2018-06-30,4.9231566571511705
2018-07-01,8.684058428579474
2018-07-02,8.530892503897801
2018-07-03,6.758799229475187
2018-07-04,4.466849506259772
2018-07-05,4.165243369975352
2018-07-06,2.5540801596341614
2018-07-07,2.778634440073745
2018-07-08,7.145705110040459
2018-07-09,4.483666947035331
2018-07-10,4.793761258304336
2018-07-11,6.994176667815793
2018-07-12,5.307021974299787
2018-07-13,5.3906109255868415
2018-07-14,6.320364335111276
2018-07-15,5.029101210880429
2018-07-16,6.6980477318232365
2018-07-17,6.574234833738894
2018-07-18,5.078466530146528
2018-07-19,6.322103020619146
2018-07-20,4.460515882894359
2018-07-21,4.463235747634255
2018-07-22,3.638893177249765
2018-07-23,6.08989439523227
2018-07-24,8.028803805762196
2018-07-25,6.163035855340514
2018-07-26,4.134809781841134
2018-07-27,7.440457035656074
2018-07-28,5.3324232416034345
2018-07-29,2.551715333421124
2018-07-30,3.101596368788773
2018-07-31,5.7388969068913465
2018-08-01,5.7353189536413804
2018-08-02,5.623895885789671
2018-08-03,6.210785419847038
2018-08-04,5.315414392807122
2018-08-05,3.743405110975068
2018-08-06,4.14992591575289
2018-08-07,6.126795779885803
2018-08-08,5.191427339498375
2018-08-09,5.894415241753155
2018-08-10,1.50325581060233
2018-08-11,5.326091491615109
2018-08-12,4.598772278456549
2018-08-13,2.395322936629092
2018-08-14,2.683713066380498
2018-08-15,3.777525387837689
2018-08-16,2.484432790311633
2018-08-17,4.047502641156572
2018-08-18,4.613731400640741
2018-08-19,5.533063441106566
2018-08-20,4.075587897501473
2018-08-21,4.018161245003716
2018-08-22,2.2298480582167746
2018-08-23,5.365851738023344
2018-08-24,0.9705510621632611
2018-08-25,4.234945223954172
2018-08-26,2.862927685910851
2018-08-27,4.949445542659948
2018-08-28,3.2885230572950856
2018-08-29,2.759995886893334
2018-08-30,3.226905661044815
2018-08-31,4.998441274224504
2018-09-01,4.579130800595886
2018-09-02,4.7877724207243215
2018-09-03,4.88834006041232
2018-09-04,3.327256049985897
2018-09-05,4.396877330295524
2018-09-06,4.066523133770079
2018-09-07,3.767818347951607
2018-09-08,3.0609717326270283
2018-09-09,1.1952782087122564
2018-09-10,2.7334241050208745
2018-09-11,2.270863912500472
2018-09-12,1.4622178706308129
2018-09-13,3.037379166345307
2018-09-14,3.399958657617104
2018-09-15,2.398254556756398
2018-09-16,3.113047241209756
2018-09-17,1.358730848611562
2018-09-18,2.85913431087367
2018-09-19,0.914201507461625
2018-09-20,2.9719621994264145
2018-09-21,2.423082055944473
2018-09-22,2.039561534950157
2018-09-23,3.0117651854102623
2018-09-24,3.021342353445246
2018-09-25,2.2966002220999537
2018-09-26,1.7981094093370291
2018-09-27,3.1588152869871413
2018-09-28,2.421893653300074
2018-09-29,1.5464095592884588
2018-09-30,2.217304676605146
2018-10-01,2.323875308203817
2018-10-02,2.351509051554447
2018-10-03,1.0863238583783346
2018-10-04,2.2137169032708868
2018-10-05,2.107202993136017
2018-10-06,2.190897406873315
2018-10-07,2.2018394602260725
2018-10-08,0.4169147752081062
2018-10-09,1.8517275951298569
2018-10-10,1.8994101324285173
2018-10-11,1.827374420937581
2018-10-12,1.0717007367072016
2018-10-13,1.0174893049745135
2018-10-14,1.8461890690088576
2018-10-15,0.7113502311335681
2018-10-16,1.5715112286266413
2018-10-17,0.1892870647924023
2018-10-18,1.432434431161694
2018-10-19,1.4164079747221354
2018-10-20,0.6303846414739691
2018-10-21,0.4904979942150351
2018-10-22,1.1278530085202687
2018-10-23,0.0
2018-10-24,0.0
2018-10-25,0.0
2018-10-26,0.0
2018-10-27,0.0
2018-10-28,0.0
2018-10-29,0.0
2018-10-30,0.0
2018-10-31,0.0907723477488857
2018-11-01,0.8108403580676825
2018-11-02,0.1630264872182034
2018-11-03,0.7462751088687198
2018-11-04,0.3507684372499831
2018-11-05,0.5753320174618343
2018-11-06,0.2098258255760365
2018-11-07,0.1051584475706974
2018-11-08,0.1032084275769686
2018-11-09,0.0392263262156246
2018-11-10,0.0550511962578674
2018-11-11,0.0556093412613598
2018-11-12,0.0433075326896574
2018-11-13,0.2914198681171265
2018-11-14,0.0
2018-11-15,0.1466717141513047
2018-11-16,0.1398014368173584
2018-11-17,0.3251981843556658
2018-11-18,0.0
2018-11-19,0.0
2018-11-20,0.0
2018-11-21,0.0
2018-11-22,0.0
2018-11-23,0.0
2018-11-24,0.0
2018-11-25,0.0
2018-11-26,0.0
2018-11-27,0.0
2018-11-28,0.0
2018-11-29,0.0
2018-11-30,0.0275847463771926
2018-12-01,0.0272738761779369
2018-12-02,0.0390458054884137
2018-12-03,0.0198530352863383
2018-12-04,0.0
2018-12-05,0.0
2018-12-06,0.0
2018-12-07,0.0
2018-12-08,0.0
2018-12-09,0.0250488313248108
2018-12-10,0.0
2018-12-11,0.0
2018-12-12,0.0
2018-12-13,0.0
2018-12-14,0.0
2018-12-15,0.0
2018-12-16,0.0
2018-12-17,0.0
2018-12-18,0.0
2018-12-19,0.0
2018-12-20,0.0
2018-12-21,0.0
2018-12-22,0.0
2018-12-23,0.0
2018-12-24,0.0
2018-12-25,0.0
2018-12-26,0.0
2018-12-27,0.0
2018-12-28,0.0
2018-12-29,0.0
2018-12-30,0.0
2018-12-31,0.0
2019-01-01,0.0
2019-01-02,0.0
2019-01-03,0.0
2019-01-04,0.0
2019-01-05,0.0
2019-01-06,0.0
2019-01-07,0.0
2019-01-08,0.0
2019-01-09,0.0
2019-01-10,0.0
2019-01-11,0.1271029956119615
2019-01-12,0.0
2019-01-13,0.0
2019-01-14,0.0
2019-01-15,0.0
2019-01-16,0.0
2019-01-17,0.0
2019-01-18,0.0
2019-01-19,0.0
2019-01-20,0.0
2019-01-21,0.0
2019-01-22,0.0
2019-01-23,0.0
2019-01-24,0.0
2019-01-25,0.0
2019-01-26,0.0
2019-01-27,0.0
2019-01-28,0.0
2019-01-29,0.0
2019-01-30,0.0
2019-01-31,0.0
2019-02-01,0.0
2019-02-02,0.0
2019-02-03,0.0
2019-02-04,0.0
2019-02-05,0.0
2019-02-06,0.0
2019-02-07,0.0
2019-02-08,0.0
2019-02-09,0.0
2019-02-10,0.0
2019-02-11,0.0
2019-02-12,0.0
2019-02-13,0.0
2019-02-14,0.3428096877877986
2019-02-15,1.0069640983339605
2019-02-16,0.9146026543077218
2019-02-17,0.0
2019-02-18,0.0
2019-02-19,0.0
2019-02-20,0.0
2019-02-21,0.0
2019-02-22,0.0
2019-02-23,0.9732158767976474
2019-02-24,1.250758277428615
2019-02-25,1.268196723062676
2019-02-26,1.4452442985753915
2019-02-27,1.7917717285275232
2019-02-28,0.0
2019-03-01,0.0
2019-03-02,0.0
2019-03-03,0.0
2019-03-04,0.0
2019-03-05,0.0
2019-03-06,0.0
2019-03-07,0.0
2019-03-08,0.0
2019-03-09,0.0
2019-03-10,0.0
2019-03-11,0.0
2019-03-12,0.0
2019-03-13,0.0
2019-03-14,0.0
2019-03-15,1.3046136944204545
2019-03-16,0.0
2019-03-17,0.0
2019-03-18,0.0
2019-03-19,0.0
2019-03-20,0.0
2019-03-21,1.433206438249327
2019-03-22,2.4357214519446413
2019-03-23,1.8940972667867653
2019-03-24,0.0
2019-03-25,0.0
2019-03-26,0.0
2019-03-27,2.3826609466241093
2019-03-28,2.2974901745380776
2019-03-29,2.973697772849122
2019-03-30,3.014043695781924
2019-03-31,0.0
2019-04-01,2.051634411234191
2019-04-02,3.101614371236433
2019-04-03,3.0994792786004504
2019-04-04,1.435008426017645
2019-04-05,0.0
2019-04-06,2.744437663884797
2019-04-07,0.0
2019-04-08,0.0
2019-04-09,0.0
2019-04-10,0.0
2019-04-11,0.0
2019-04-12,0.0
2019-04-13,0.0
2019-04-14,0.0
2019-04-15,4.333629034282015
2019-04-16,4.719314337725815
2019-04-17,5.1278204352256775
2019-04-18,5.048388498545354
2019-04-19,4.489035319793281
2019-04-20,5.191632152361432
2019-04-21,1.6896809286295325
2019-04-22,5.235939265097106
2019-04-23,5.96978337307476
2019-04-24,6.129570771364262
2019-04-25,6.382873481304823
2019-04-26,6.410497454490664
2019-04-27,5.997521673584531
2019-04-28,5.844140587633453
2019-04-29,5.771638134371762
2019-04-30,6.082948673534079
2019-05-01,2.725514924861572
2019-05-02,3.2359622617684303
2019-05-03,0.0
2019-05-04,4.500957409386679
2019-05-05,4.8712964696171
2019-05-06,3.2465951927381407
2019-05-07,3.5981679673362508
2019-05-08,4.186378780380778
2019-05-09,4.853814395922047
2019-05-10,5.409252211136831
2019-05-11,3.72181928104712
2019-05-12,0.7370482940924814
2019-05-13,3.166534173164319
2019-05-14,4.468693887504371
2019-05-15,5.292895556011872
2019-05-16,4.249668910682678
2019-05-17,7.070984654555843
2019-05-18,7.265018688200442
2019-05-19,6.331837792760779
2019-05-20,4.796364289029409
2019-05-21,4.166345024778994
2019-05-22,5.419248432495483
2019-05-23,0.8533199103200474
2019-05-24,0.775806651148176
2019-05-25,2.788337288209193
2019-05-26,5.40031208258466
2019-05-27,6.086929326729837
2019-05-28,1.8268660009983309
2019-05-29,4.178711026112499
2019-05-30,5.792446757694249
2019-05-31,3.910770110865892
2019-06-01,5.217503978409369
2019-06-02,5.982809813985448
2019-06-03,1.3017852935906855
2019-06-04,5.923793265933365
2019-06-05,5.992187418064798
2019-06-06,8.121069282588548
2019-06-07,8.347394783322775
2019-06-08,8.05778394929729
2019-06-09,6.8769316954479365
2019-06-10,7.800891764289268
2019-06-11,2.538171205036686
2019-06-12,7.728467882123649
2019-06-13,3.0781816168519764
2019-06-14,7.222231090354279
2019-06-15,7.594550655852799
2019-06-16,6.674641073833654
2019-06-17,5.802523169007209
2019-06-18,7.286196155764744
2019-06-19,6.940046582282098
2019-06-20,3.6909703857173657
2019-06-21,5.186564863966069
2019-06-22,5.067016076116694
2019-06-23,6.304066984682121
2019-06-24,6.742967628681747
2019-06-25,7.418501685449957
2019-06-26,5.796897727673942
2019-06-27,7.316292228436942
2019-06-28,5.069365670275424
2019-06-29,4.689744599158429
2019-06-30,7.831702940234471
2019-07-01,5.747895253955272
2019-07-02,7.735138857378169
2019-07-03,7.634787290868009
2019-07-04,7.386917089338414
2019-07-05,5.727074396561712
2019-07-06,2.8388722064973013
2019-07-07,3.552941232905207
2019-07-08,5.217631554730451
2019-07-09,7.973225496228235
2019-07-10,7.019358129151795
2019-07-11,5.395229383253406
2019-07-12,6.5320374809578885
2019-07-13,7.981535512787265
2019-07-14,4.982813700230355
2019-07-15,2.8071307174811677
2019-07-16,6.41945920012062
2019-07-17,5.699139921540975
2019-07-18,6.892057965386231
2019-07-19,6.027398643244527
2019-07-20,6.825581650610518
2019-07-21,7.308478858131072
2019-07-22,6.673629146809818
2019-07-23,5.496933500468011
2019-07-24,6.720651554797801
2019-07-25,6.315282358655791
2019-07-26,6.035447740525994
2019-07-27,6.326846408729881
2019-07-28,4.920556212062238
2019-07-29,3.62737328622153
2019-07-30,3.1886915083311558
2019-07-31,5.272602370802267
2019-08-01,4.616409428227647
2019-08-02,3.479137001216422
2019-08-03,3.24166792351282
2019-08-04,3.840696494650935
2019-08-05,4.506763760612225
2019-08-06,3.615846922434305
2019-08-07,5.80474573434721
2019-08-08,3.6781520242095023
2019-08-09,4.627950042731592
2019-08-10,5.984905809946887
2019-08-11,2.07048938601994
2019-08-12,2.050370766500599
2019-08-13,4.4760391750126445
2019-08-14,4.190738157477451
2019-08-15,2.103081265072753
2019-08-16,5.018598669270547
2019-08-17,2.7497752482076483
2019-08-18,2.0289096358630423
2019-08-19,3.287798097195944
2019-08-20,5.945164884737605
2019-08-21,5.661664312817948
2019-08-22,5.906241768840028
2019-08-23,3.143358895700114
2019-08-24,6.22641401510372
2019-08-25,3.163037172044595
2019-08-26,4.599770473325533
2019-08-27,5.764972205384591
2019-08-28,5.396914862775304
2019-08-29,2.992931478327756
2019-08-30,3.9224776770938727
2019-08-31,2.7308759022356224
2019-09-01,3.380396317275412
2019-09-02,0.853405782066669
2019-09-03,3.862476849764136
2019-09-04,4.522997658626028
2019-09-05,1.2126161715572086
2019-09-06,4.269670218779709
2019-09-07,1.784884965263045
2019-09-08,1.9671604392736075
2019-09-09,3.1848243244695933
2019-09-10,1.5765221105674172
2019-09-11,2.343978226923608
2019-09-12,3.3992472671228917
2019-09-13,3.094004791470476
2019-09-14,3.350949633916856
2019-09-15,0.5765807975122882
2019-09-16,3.403545352114071
2019-09-17,1.5096329345420594
2019-09-18,3.206375780230241
2019-09-19,3.701524123068866
2019-09-20,1.8683864305866067
2019-09-21,1.5464370105470475
2019-09-22,3.492910741291749
2019-09-23,3.0838527616292124
2019-09-24,1.9341962031783568
2019-09-25,2.0585999601078626
2019-09-26,2.923469017599094
2019-09-27,2.7774585357407773
2019-09-28,2.0272561358628987
2019-09-29,0.6570849682430304
2019-09-30,1.6954069988542138
2019-10-01,0.2173144634753533
2019-10-02,0.938124923945274
2019-10-03,1.7973893972797523
2019-10-04,1.896858739548387
2019-10-05,2.40821873708074
2019-10-06,1.816168798349559
2019-10-07,1.984931243989864
2019-10-08,1.3911630866865368
2019-10-09,0.0
2019-10-10,0.3476493435634651
2019-10-11,0.8720721703845437
2019-10-12,0.7458021514404639
2019-10-13,0.959900885772698
2019-10-14,0.0
2019-10-15,1.0769654239613515
2019-10-16,0.0
2019-10-17,0.2629330307644941
2019-10-18,0.3487472732622203
2019-10-19,0.2609298434832902
2019-10-20,0.0
2019-10-21,0.0
2019-10-22,0.5780019279323992
2019-10-23,0.8629592208858027
2019-10-24,0.2692044577716445
2019-10-25,0.1617192342366152
2019-10-26,0.3704848787361897
2019-10-27,0.0
2019-10-28,0.0
2019-10-29,0.0
2019-10-30,0.0
2019-10-31,0.8213414974664366
2019-11-01,0.0
2019-11-02,0.0
2019-11-03,0.0
2019-11-04,0.0
2019-11-05,0.0
2019-11-06,0.0
2019-11-07,0.0
2019-11-08,0.0
2019-11-09,0.0
2019-11-10,0.0
2019-11-11,0.0
2019-11-12,0.0
2019-11-13,0.10566769853075
2019-11-14,0.0
2019-11-15,0.0
2019-11-16,0.0
2019-11-17,0.0
2019-11-18,0.0
2019-11-19,0.0257232237831345
2019-11-20,0.091012847942403
2019-11-21,0.0
2019-11-22,0.0373496740231238
2019-11-23,0.0
2019-11-24,0.0420239345129969
2019-11-25,0.0
2019-11-26,0.0
2019-11-27,0.0
2019-11-28,0.0
2019-11-29,0.0
2019-11-30,0.0
2019-12-01,0.0
2019-12-02,0.0
2019-12-03,0.0
2019-12-04,0.0458466270956032
2019-12-05,0.0605735109132154
2019-12-06,0.0
2019-12-07,0.0
2019-12-08,0.0
2019-12-09,0.0
2019-12-10,0.0
2019-12-11,0.0
2019-12-12,0.0
2019-12-13,0.0
2019-12-14,0.0
2019-12-15,0.0
2019-12-16,0.0
2019-12-17,0.0
2019-12-18,0.0
2019-12-19,0.0
2019-12-20,0.0
2019-12-21,0.0052847793524557
2019-12-22,0.0
2019-12-23,0.0
2019-12-24,0.0
2019-12-25,0.0
2019-12-26,0.0
2019-12-27,0.0
2019-12-28,0.0
2019-12-29,0.0
2019-12-30,0.0393633361153427
2019-12-31,0.0
2020-01-01,0.0339698623493858
2020-01-02,0.0235704522807758
2020-01-03,0.0
2020-01-04,0.0
2020-01-05,0.0
2020-01-06,0.0
2020-01-07,0.0
2020-01-08,0.0415661641862671
2020-01-09,0.0
2020-01-10,0.0
2020-01-11,0.0
2020-01-12,0.0
2020-01-13,0.0
2020-01-14,0.0
2020-01-15,0.0
2020-01-16,0.0
2020-01-17,0.0
2020-01-18,0.0
2020-01-19,0.0
2020-01-20,0.1380681385088558
2020-01-21,0.2138630660356349
2020-01-22,0.0
2020-01-23,0.0
2020-01-24,0.0
2020-01-25,0.0
2020-01-26,0.0
2020-01-27,0.0
2020-01-28,0.0
2020-01-29,0.0
2020-01-30,0.0
2020-01-31,0.0
2020-02-01,0.0
2020-02-02,0.0
2020-02-03,0.0
2020-02-04,0.0
2020-02-05,0.0
2020-02-06,0.0
2020-02-07,0.0
2020-02-08,0.0
2020-02-09,0.0
2020-02-10,0.2336227209484565
2020-02-11,0.0
2020-02-12,0.0
2020-02-13,0.0
2020-02-14,0.0
2020-02-15,0.0
2020-02-16,0.0
2020-02-17,0.0
2020-02-18,1.0943234631204442
2020-02-19,0.0
2020-02-20,0.0
2020-02-21,0.530754429651453
2020-02-22,0.811312706830573
2020-02-23,1.2070488710536529
2020-02-24,0.0
2020-02-25,0.0
2020-02-26,0.0
2020-02-27,0.0
2020-02-28,0.0
2020-02-29,0.0
2020-03-01,0.0
2020-03-02,0.0
2020-03-03,0.0
2020-03-04,0.0
2020-03-05,0.0
2020-03-06,0.0
2020-03-07,0.0
2020-03-08,0.0
2020-03-09,2.2059752233292094
2020-03-10,2.4636914698873404
2020-03-11,0.7521043244158739
2020-03-12,1.8634967571192675
2020-03-13,0.0
2020-03-14,0.0
2020-03-15,0.0
2020-03-16,0.0
2020-03-17,0.0
2020-03-18,3.0888564426060485
2020-03-19,0.0
2020-03-20,0.0
2020-03-21,0.0
2020-03-22,0.0
2020-03-23,0.0
2020-03-24,2.34689750302191
2020-03-25,2.5799151076235987
2020-03-26,3.654689202603216
2020-03-27,2.7846932268304068
2020-03-28,0.0
2020-03-29,0.0
2020-03-30,0.0
2020-03-31,0.0
2020-04-01,0.0
2020-04-02,0.0
2020-04-03,0.0
2020-04-04,0.0
2020-04-05,0.0
2020-04-06,3.2126613067330427
2020-04-07,2.6252852759310263
2020-04-08,4.446752598972142
2020-04-09,4.54482531864799
2020-04-10,0.0
2020-04-11,0.0
2020-04-12,1.4900773280076824
2020-04-13,0.0
2020-04-14,3.596968899357584
2020-04-15,4.913633021311654
2020-04-16,5.077297145257597
2020-04-17,4.9479233993686025
2020-04-18,4.748973318404142
2020-04-19,4.430506719155212
2020-04-20,5.636141469505426
2020-04-21,6.293868394588574
2020-04-22,5.98711145538894
2020-04-23,3.713046188179204
2020-04-24,4.308230975907285
2020-04-25,5.537126321441757
2020-04-26,4.319015460525618
2020-04-27,0.0
2020-04-28,0.0
2020-04-29,5.480803690552245
2020-04-30,5.052353492196229
2020-05-01,0.0
2020-05-02,1.4612226819248046
2020-05-03,5.000962707591576
2020-05-04,5.435136427795193
2020-05-05,6.288245037512471
2020-05-06,6.152388738103227
2020-05-07,5.3502547992609255
2020-05-08,3.218212297879296
2020-05-09,6.374841516891287
2020-05-10,3.0146981763885634
2020-05-11,6.393647940602415
2020-05-12,6.176865670504218
2020-05-13,6.231524642894826
2020-05-14,6.524994989333546
2020-05-15,5.864609622331199
2020-05-16,5.628532255755928
2020-05-17,5.999054435398492
2020-05-18,6.304310362612561
2020-05-19,5.090969493906283
2020-05-20,5.785969906489015
2020-05-21,6.667985803977544
2020-05-22,8.41694885927074
2020-05-23,7.174879099117482
2020-05-24,3.155410938898399
2020-05-25,6.599272322156804
2020-05-26,6.101881017364527
2020-05-27,5.200653096993028
2020-05-28,6.749840211806421
2020-05-29,4.714423270782959
2020-05-30,8.067970601981493
2020-05-31,8.390421898049704
2020-06-01,8.436123539830183
2020-06-02,6.356101486096566
2020-06-03,5.5567751593576205
2020-06-04,7.866799309074942
2020-06-05,2.379198968793046
2020-06-06,3.591946442800099
2020-06-07,3.126369356392114
2020-06-08,6.033814399094234
2020-06-09,7.493074718694351
2020-06-10,7.887862705467173
2020-06-11,9.113479102053796
2020-06-12,8.934844279426974
2020-06-13,9.028739214507208
2020-06-14,8.781230985803218
2020-06-15,5.632904650447061
2020-06-16,5.012048886403453
2020-06-17,8.006757510904803
2020-06-18,4.876711520000952
2020-06-19,8.085450410516573
2020-06-20,9.833025003288007
2020-06-21,9.123863216598536
2020-06-22,9.046926006179396
2020-06-23,7.269738263176615
2020-06-24,6.650007856905827
2020-06-25,6.944892412479838
2020-06-26,6.854085942202875
2020-06-27,6.356501551329373
2020-06-28,7.482465507970602
2020-06-29,4.551618194823356
2020-06-30,6.17454072511871
2020-07-01,3.309098382884601
2020-07-02,7.27481421130198
2020-07-03,3.2918663715446708
2020-07-04,4.888210762812303
2020-07-05,6.169696390621783
2020-07-06,1.961230022598329
2020-07-07,6.852744633418609
2020-07-08,7.631346707848171
2020-07-09,5.770302828692577
2020-07-10,5.153643284469569
2020-07-11,7.645997087251786
2020-07-12,7.143524379615352
2020-07-13,6.780004063353203
2020-07-14,6.965331138742423
2020-07-15,3.4998217584830678
2020-07-16,6.934816641503365
2020-07-17,8.12866450233439
2020-07-18,5.640882724942196
2020-07-19,5.366024011882745
2020-07-20,5.599298379005769
2020-07-21,3.327654177442464
2020-07-22,2.3230643097093595
2020-07-23,1.2997605352764003
2020-07-24,5.1985904503026426
2020-07-25,3.616347511530444
2020-07-26,7.787519317700729
2020-07-27,4.2600355175366245
2020-07-28,5.96783764163471
2020-07-29,4.052550454323941
2020-07-30,1.925880488675771
2020-07-31,8.19846573858272
2020-08-01,6.642663024827026
2020-08-02,5.367721628900649
2020-08-03,3.477456700851046
2020-08-04,5.364118495939646
2020-08-05,7.681338346783356
2020-08-06,4.428101941270535
2020-08-07,6.36413986505066
2020-08-08,6.744999075782882
2020-08-09,8.112796082788517
2020-08-10,5.052696800754709
2020-08-11,5.068557329621759
2020-08-12,4.657833954971408
2020-08-13,4.17628914169559
2020-08-14,5.751678296361742
2020-08-15,6.896142256289844
2020-08-16,7.399554473496444
2020-08-17,7.118314405906538
2020-08-18,6.9125015291014655
2020-08-19,4.805723302129884
2020-08-20,5.979466879561839
2020-08-21,5.828931297572261
2020-08-22,4.32915669214724
2020-08-23,5.10991930438707
2020-08-24,4.809364490918842
2020-08-25,5.062732378095912
2020-08-26,4.527465681363754
2020-08-27,4.515918763199257
2020-08-28,3.3768256429172463
2020-08-29,3.668886106584056
2020-08-30,3.893234984012916
2020-08-31,3.0119955819728728
2020-09-01,5.654428956701008
2020-09-02,4.648161781671084
2020-09-03,1.4982059181264031
2020-09-04,1.604090343746413
2020-09-05,3.338810774341081
2020-09-06,3.505024540929453
2020-09-07,4.865734757853495
2020-09-08,2.74626581165478
2020-09-09,4.4014043865079975
2020-09-10,3.952365770240598
2020-09-11,4.52854293303148
2020-09-12,3.0182261840890643
2020-09-13,3.107909839228512
2020-09-14,4.210950766225891
2020-09-15,4.184558085675239
2020-09-16,0.3449591669278824
2020-09-17,3.7747228478431256
2020-09-18,3.3004268258219867
2020-09-19,3.0398799516056467
2020-09-20,1.2751005218223774
2020-09-21,1.3238793309172854
2020-09-22,3.2492785358336764
2020-09-23,1.0824074175233738
2020-09-24,0.4961333153119611
2020-09-25,3.135066387588314
2020-09-26,0.4179681647753692
2020-09-27,0.5748919537587018
2020-09-28,0.945238303554398
2020-09-29,0.6501568710481912
2020-09-30,0.220996753030733
2020-10-01,0.5268520618037794
2020-10-02,0.9679652675957956
2020-10-03,1.3864509154678464
2020-10-04,0.4775395301296865
2020-10-05,0.1673850026517397
2020-10-06,0.4923443824314923
2020-10-07,0.1951640049715292
2020-10-08,0.3356833119309448
2020-10-09,0.4015603250404886
2020-10-10,0.8877417706866446
2020-10-11,0.2341352985206878
2020-10-12,0.5366009667531283
2020-10-13,0.7580275453121393
2020-10-14,1.1353834696699463
2020-10-15,0.7491249073392489
2020-10-16,1.0057789633375405
2020-10-17,0.7341271650605476
2020-10-18,0.0
2020-10-19,0.0
2020-10-20,0.0
2020-10-21,0.0
2020-10-22,0.0
2020-10-23,0.0
2020-10-24,0.0
2020-10-25,0.0
2020-10-26,0.2968801205866992
2020-10-27,0.0831976442395746
2020-10-28,0.1774967950710234
2020-10-29,0.2673817354004441
2020-10-30,0.0
2020-10-31,0.1565848733934948
2020-11-01,0.0912286955454761
2020-11-02,0.0476956635568789
2020-11-03,0.6320836681544688
2020-11-04,0.5778164216532057
2020-11-05,0.575908355429125
2020-11-06,0.2666502698347709
2020-11-07,0.5113360837594698
2020-11-08,0.50073123659044
2020-11-09,0.4677407984572794
2020-11-10,0.0
2020-11-11,0.0
2020-11-12,0.1155610482333677
2020-11-13,0.1490113970846725
2020-11-14,0.0380207888519805
2020-11-15,0.080424947477127
2020-11-16,0.049002469319073
2020-11-17,0.0489263353822457
2020-11-18,0.2379922407817516
2020-11-19,0.0
2020-11-20,0.0
2020-11-21,0.0
2020-11-22,0.1799168181533035
2020-11-23,0.0
2020-11-24,0.0
2020-11-25,0.0
2020-11-26,0.0
2020-11-27,0.0
2020-11-28,0.0
2020-11-29,0.0
2020-11-30,0.0
2020-12-01,0.0
2020-12-02,0.0
2020-12-03,0.0
2020-12-04,0.0
2020-12-05,0.0133892185085545
2020-12-06,0.0149893800222036
2020-12-07,0.0114073803025402
2020-12-08,0.0
2020-12-09,0.0
2020-12-10,0.0217474736233314
2020-12-11,0.0
2020-12-12,0.0
2020-12-13,0.0
2020-12-14,0.0
2020-12-15,0.0
2020-12-16,0.0
2020-12-17,0.0
2020-12-18,0.0
2020-12-19,0.0
2020-12-20,0.0138573551734433
2020-12-21,0.0175075620371082
2020-12-22,0.0238156528065731
2020-12-23,0.0108572871854705
2020-12-24,0.0
2020-12-25,0.0
2020-12-26,0.0
2020-12-27,0.0
2020-12-28,0.0
2020-12-29,0.0
2020-12-30,0.0
2020-12-31,
2021-01-01,0.0
2021-01-02,0.0
2021-01-03,0.0
2021-01-04,0.0
2021-01-05,0.0
2021-01-06,0.0
2021-01-07,0.0
2021-01-08,0.0
2021-01-09,0.0
2021-01-10,0.0
2021-01-11,0.0
2021-01-12,0.0
2021-01-13,0.0
2021-01-14,0.0
2021-01-15,0.0
2021-01-16,0.0
2021-01-17,0.0
2021-01-18,0.0
2021-01-19,0.0
2021-01-20,0.0
2021-01-21,0.0
2021-01-22,0.0
2021-01-23,0.0
2021-01-24,0.0
2021-01-25,0.0
2021-01-26,0.0
2021-01-27,0.0
2021-01-28,0.0
2021-01-29,0.0
2021-01-30,0.0
2021-01-31,0.0
2021-02-01,0.0
2021-02-02,0.0
2021-02-03,0.0
2021-02-04,0.0
2021-02-05,0.0
2021-02-06,0.0
2021-02-07,0.0
2021-02-08,0.0
2021-02-09,0.0
2021-02-10,0.0
2021-02-11,0.0
2021-02-12,0.0
2021-02-13,0.0
2021-02-14,0.0
2021-02-15,0.0
2021-02-16,0.0
2021-02-17,0.0
2021-02-18,0.0
2021-02-19,0.0
2021-02-20,0.0
2021-02-21,0.0
2021-02-22,0.0
2021-02-23,0.0
2021-02-24,0.0
2021-02-25,1.209153059143386
2021-02-26,1.2400343526265971
2021-02-27,0.7071357894491483
2021-02-28,1.0931666767941586
2021-03-01,1.6695289750032627
2021-03-02,1.6858490690848449
2021-03-03,0.0
2021-03-04,0.0
2021-03-05,0.0
2021-03-06,0.0
2021-03-07,0.0
2021-03-08,0.0
2021-03-09,0.0
2021-03-10,0.0
2021-03-11,0.0
2021-03-12,0.0
2021-03-13,0.0
2021-03-14,0.0
2021-03-15,0.0
2021-03-16,0.0
2021-03-17,0.0
2021-03-18,0.0
2021-03-19,0.0
2021-03-20,1.1466866632767332
2021-03-21,0.0
2021-03-22,0.0
2021-03-23,2.816645786459719
2021-03-24,3.113236546014888
2021-03-25,3.029523206752748
2021-03-26,3.5529392936625137
2021-03-27,1.930538102013281
2021-03-28,1.2200234700382409
2021-03-29,1.310031576412819
2021-03-30,3.642951814633734
2021-03-31,3.993233819986244
2021-04-01,3.0820828105746245
2021-04-02,3.441213724690746
2021-04-03,3.428907809487169
2021-04-04,2.9475951966493112
2021-04-05,0.0
2021-04-06,0.0
2021-04-07,0.0
2021-04-08,0.0
2021-04-09,0.0
2021-04-10,0.0
2021-04-11,4.132548621164445
2021-04-12,0.0
2021-04-13,0.0
2021-04-14,3.8900907079309848
2021-04-15,4.162860062572182
2021-04-16,4.574240201405988
2021-04-17,4.73976893816557
2021-04-18,4.930213602093392
2021-04-19,4.807425073937855
2021-04-20,5.083303030333889
2021-04-21,4.882724458713776
2021-04-22,3.5304859287275576
2021-04-23,0.0
2021-04-24,2.9816040318004
2021-04-25,2.7262189400654755
2021-04-26,4.686946558549228
2021-04-27,4.391817699572743
2021-04-28,0.0
2021-04-29,4.354734232573514
2021-04-30,4.33674818969484
2021-05-01,0.0
2021-05-02,4.3324319075334525
2021-05-03,4.179299118319618
2021-05-04,4.869868878472406
2021-05-05,4.501640217129308
2021-05-06,3.780941574460282
2021-05-07,3.613689223611228
2021-05-08,4.835539475818839
2021-05-09,4.840808783350889
2021-05-10,0.897258965616841
2021-05-11,3.948867146764866
2021-05-12,5.478058964611838
2021-05-13,7.135585569238941
2021-05-14,6.368258811922267
2021-05-15,4.068332233104021
2021-05-16,4.225389079042092
2021-05-17,2.222942112694715
2021-05-18,4.2635426546356925
2021-05-19,3.845004974108705
2021-05-20,6.772336791548297
2021-05-21,2.5056770832196467
2021-05-22,1.514979555152569
2021-05-23,2.680163684709284
2021-05-24,3.961828758040496
2021-05-25,4.888172118025742
2021-05-26,6.845484807924077
2021-05-27,7.3199599179696735
2021-05-28,7.243884915784418
2021-05-29,7.380731105405232
2021-05-30,7.880298152458387
2021-05-31,6.759912300188329
2021-06-01,7.474775152998858
2021-06-02,7.72677373742108
2021-06-03,7.199126503581623
2021-06-04,6.497276799828062
2021-06-05,5.55867572650111
2021-06-06,5.628747365729724
2021-06-07,3.3642109819687285
2021-06-08,4.819703612730856
2021-06-09,5.823925317356695
2021-06-10,7.085186931189568
2021-06-11,6.610362185479575
2021-06-12,3.047592373429435
2021-06-13,5.621008077940296
2021-06-14,3.7333062203524
2021-06-15,7.630433910821627
2021-06-16,4.96117334278988
2021-06-17,7.698187407389039
2021-06-18,2.542743989014393
2021-06-19,6.01105266256198
2021-06-20,2.4856499572942146
2021-06-21,3.685807008332858
2021-06-22,1.992120987217307
2021-06-23,5.037489453317025
2021-06-24,6.3271245330605765
2021-06-25,6.505024005983202
2021-06-26,7.843527966774099
2021-06-27,7.3645332786085085
2021-06-28,9.3032797959968
2021-06-29,7.61115888364938
2021-06-30,5.833952319455578
2021-07-01,8.775923547344412
2021-07-02,8.596016792064294
2021-07-03,8.328425015439727
2021-07-04,8.073102651464538
2021-07-05,7.6169966878553
2021-07-06,5.048454812283866
2021-07-07,4.387327196856872
2021-07-08,6.136252867971234
2021-07-09,5.180604964385951
2021-07-10,4.587862408254875
2021-07-11,5.226979766527005
2021-07-12,8.14327306814173
2021-07-13,7.754537521494402
2021-07-14,5.392997454852605
2021-07-15,4.954370854029381
2021-07-16,8.589478826513485
2021-07-17,5.695252154104573
2021-07-18,7.633786065071722
2021-07-19,6.568403661611026
2021-07-20,5.745357128785005
2021-07-21,5.550571673059935
2021-07-22,4.44438727020548
2021-07-23,4.324399042802585
2021-07-24,5.187312126526815
2021-07-25,7.318708080403316
2021-07-26,6.401661655322357
2021-07-27,6.205517911723037
2021-07-28,6.925335761102253
2021-07-29,5.8650719823290745
2021-07-30,2.2426193933563137
2021-07-31,4.346303685872549
2021-08-01,4.551381536442885
2021-08-02,6.505578604770119
2021-08-03,6.028142857781371
2021-08-04,4.060365611641937
2021-08-05,6.4991759924551165
2021-08-06,6.627196797934044
2021-08-07,6.286671032811773
2021-08-08,0.7961090970064354
2021-08-09,1.588675562718745
2021-08-10,4.594658083154697
2021-08-11,5.347626318300908
2021-08-12,6.515883610170436
2021-08-13,6.322367606766608
2021-08-14,2.7043970184349506
2021-08-15,4.81662256590587
2021-08-16,3.579342035259877
2021-08-17,2.9589588118661645
2021-08-18,3.1383258602808226
2021-08-19,4.395592304710289
2021-08-20,4.63249085192906
2021-08-21,1.532002440461228
2021-08-22,4.050044334585079
2021-08-23,3.670246762228471
2021-08-24,4.287676983141589
2021-08-25,0.6240628800599689
2021-08-26,1.6847455148249892
2021-08-27,5.7926294292780325
2021-08-28,6.21780921632314
2021-08-29,5.02104026101326
2021-08-30,5.654108241908086
2021-08-31,3.956606958317788
2021-09-01,4.3754487847604615
2021-09-02,1.8095497683066872
2021-09-03,4.310787204542749
2021-09-04,3.8139877318549376
2021-09-05,2.583388451897377
2021-09-06,4.243196194942562
2021-09-07,1.903214085577133
2021-09-08,3.617540031432349
2021-09-09,3.1239017814943675
2021-09-10,3.97524449318321
2021-09-11,2.370505038988164
2021-09-12,0.3482882045970215
2021-09-13,4.623650511797037
2021-09-14,3.362689430322839
2021-09-15,1.69433105114439
2021-09-16,1.339121666804028
2021-09-17,1.5418127014094365
2021-09-18,2.060453670798704
2021-09-19,2.1553880840747106
2021-09-20,1.513700344569405
2021-09-21,1.7049242695333806
2021-09-22,1.3230020290049584
2021-09-23,0.2179970940990978
2021-09-24,0.3281320163624328
2021-09-25,1.626483945964995
2021-09-26,2.7118773053364222
2021-09-27,2.846106456313122
2021-09-28,1.523372405726359
2021-09-29,1.4267522969077948
2021-09-30,1.1600666563030977
2021-10-01,0.4214589124416985
2021-10-02,0.6920717733226294
2021-10-03,0.474446127187481
2021-10-04,0.3963442973218628
2021-10-05,1.4338511099219722
2021-10-06,0.1292075877566883
2021-10-07,1.4611459843415648
2021-10-08,0.5767250436807716
2021-10-09,1.4963563421645412
2021-10-10,0.6140602145970164
2021-10-11,1.3386356050822812
2021-10-12,1.4993963446542735
2021-10-13,1.7607910735544696
2021-10-14,0.2807810289912047
2021-10-15,0.2256681926717869
2021-10-16,0.9162538809255804
2021-10-17,1.1790070894227715
2021-10-18,1.317864570280822
2021-10-19,0.0
2021-10-20,0.075142996823414
2021-10-21,0.0
2021-10-22,0.0
2021-10-23,0.0
2021-10-24,0.0
2021-10-25,0.5505327487889873
2021-10-26,0.2234904903823507
2021-10-27,0.0
2021-10-28,0.4589689289480486
2021-10-29,0.202007505593604
2021-10-30,0.2117469255435346
2021-10-31,0.140183118541998
2021-11-01,0.1369768955749522
2021-11-02,0.1144096227766995
2021-11-03,0.0522557611795776
2021-11-04,0.0757800587434644
2021-11-05,0.17174822894547
2021-11-06,0.0
2021-11-07,0.0
2021-11-08,0.0
2021-11-09,0.0
2021-11-10,0.0
2021-11-11,0.2355273334871286
2021-11-12,0.0
2021-11-13,0.0
2021-11-14,0.0
2021-11-15,0.0
2021-11-16,0.1002553357056923
2021-11-17,0.0414317039110382
2021-11-18,0.0
2021-11-19,0.0
2021-11-20,0.0
2021-11-21,0.0
2021-11-22,0.0
2021-11-23,0.0
2021-11-24,0.0
2021-11-25,0.0
2021-11-26,0.0
2021-11-27,0.0
2021-11-28,0.0
2021-11-29,0.0
2021-11-30,0.0
2021-12-01,0.0
2021-12-02,0.0
2021-12-03,0.0
2021-12-04,0.0
2021-12-05,0.0
2021-12-06,0.0
2021-12-07,0.0
2021-12-08,0.0
2021-12-09,0.0
2021-12-10,0.0
2021-12-11,0.0
2021-12-12,0.0
2021-12-13,0.0
2021-12-14,0.0
2021-12-15,0.0
2021-12-16,0.0338656729297746
2021-12-17,0.0303648381835999
2021-12-18,0.0293887512062286
2021-12-19,0.0
2021-12-20,0.0
2021-12-21,0.0
2021-12-22,0.0
2021-12-23,0.0
2021-12-24,0.0
2021-12-25,0.0
2021-12-26,0.0
2021-12-27,0.0
2021-12-28,0.0
2021-12-29,0.0
2021-12-30,0.0
2021-12-31,0.0
2022-01-01,0.0
2022-01-02,0.0
2022-01-03,0.0
2022-01-04,0.0
2022-01-05,0.0
2022-01-06,0.0
2022-01-07,0.0
2022-01-08,0.0
2022-01-09,0.0
2022-01-10,0.0
2022-01-11,0.0
2022-01-12,0.0401817086679918
2022-01-13,0.0379271168511269
2022-01-14,0.0
2022-01-15,0.0
2022-01-16,0.0
2022-01-17,0.0
2022-01-18,0.0
2022-01-19,0.0695459022743028
2022-01-20,0.0
2022-01-21,0.0
2022-01-22,0.0
2022-01-23,0.101550942486271
2022-01-24,0.1068541017058368
2022-01-25,0.0
2022-01-26,0.0
2022-01-27,0.0
2022-01-28,0.0
2022-01-29,0.0
2022-01-30,0.0
2022-01-31,0.0
2022-02-01,0.0
2022-02-02,0.0
2022-02-03,0.0
2022-02-04,0.0
2022-02-05,0.0
2022-02-06,0.0
2022-02-07,0.0
2022-02-08,0.0
2022-02-09,0.0
2022-02-10,0.0
2022-02-11,0.0
2022-02-12,0.0
2022-02-13,0.0
2022-02-14,0.0
2022-02-15,0.0
2022-02-16,0.0
2022-02-17,0.0
2022-02-18,0.0
2022-02-19,0.0
2022-02-20,0.0
2022-02-21,0.0
2022-02-22,0.0
2022-02-23,0.0
2022-02-24,0.0
2022-02-25,0.0
2022-02-26,0.0
2022-02-27,0.0
2022-02-28,0.0
2022-03-01,0.0
2022-03-02,1.3786886998201644
2022-03-03,0.0
2022-03-04,0.0
2022-03-05,0.0
2022-03-06,0.0
2022-03-07,0.0
2022-03-08,0.0
2022-03-09,0.0
2022-03-10,1.8240162599897245
2022-03-11,2.0784103614643725
2022-03-12,2.432664593526717
2022-03-13,0.0
2022-03-14,0.0
2022-03-15,0.0
2022-03-16,2.527700889672947
2022-03-17,2.4537801948687887
2022-03-18,2.294696894318992
2022-03-19,2.4936772726730045
2022-03-20,2.991404878592031
2022-03-21,3.0895277696202044
2022-03-22,0.0
2022-03-23,2.9497358191006
2022-03-24,1.2397583901887652
2022-03-25,2.0251534372675746
2022-03-26,0.0
2022-03-27,0.0
2022-03-28,0.0
2022-03-29,0.0
2022-03-30,0.0
2022-03-31,0.0
2022-04-01,0.0
2022-04-02,0.0
2022-04-03,0.0
2022-04-04,0.0
2022-04-05,0.0
2022-04-06,0.0
2022-04-07,0.0
2022-04-08,0.0
2022-04-09,0.0
2022-04-10,0.0
2022-04-11,3.5174030655064934
2022-04-12,3.5485974533410194
2022-04-13,2.63887563467772
2022-04-14,3.875282366938488
2022-04-15,4.217856665293192
2022-04-16,2.945061973272552
2022-04-17,4.409516636894433
2022-04-18,5.070463391663268
2022-04-19,5.47419430071176
2022-04-20,5.514858377862083
2022-04-21,5.790790727725522
2022-04-22,5.191368298842917
2022-04-23,4.424052702054875
2022-04-24,5.883159938675155
2022-04-25,4.519712267924362
2022-04-26,0.0
2022-04-27,0.0
2022-04-28,4.605439525821849
2022-04-29,3.898984465127996
2022-04-30,4.569617534182278
2022-05-01,4.742968968176877
2022-05-02,5.300899995788996
2022-05-03,4.932634832108729
2022-05-04,4.931416837767459
2022-05-05,4.955302982004661
2022-05-06,6.806569234343648
2022-05-07,5.320670900062976
2022-05-08,4.840572955718649
2022-05-09,4.673590193019044
2022-05-10,4.940179926355473
2022-05-11,5.102209740502988
2022-05-12,4.762608249458331
2022-05-13,5.979460383412665
2022-05-14,3.5914150464744994
2022-05-15,6.075396674385306
2022-05-16,4.828898473365637
2022-05-17,6.908369443126322
2022-05-18,5.9060207814919625
2022-05-19,3.582088966928661
2022-05-20,5.34693588065763
2022-05-21,6.4687147489732
2022-05-22,6.281995066804745
2022-05-23,6.803849988628544
2022-05-24,6.802298896436085
2022-05-25,5.277284583538627
2022-05-26,2.6868555669286938
2022-05-27,4.074360156665637
2022-05-28,4.680221728159523
2022-05-29,6.252685387182364
2022-05-30,4.605793465273058
2022-05-31,3.723446225718755
2022-06-01,2.1491158695752026
2022-06-02,5.835613882687631
2022-06-03,5.221348810143391
2022-06-04,5.668415238595376
2022-06-05,6.758389283478128
2022-06-06,7.798649158710951
2022-06-07,9.287995714569446
2022-06-08,6.205334077800595
2022-06-09,3.530568358375753
2022-06-10,6.718518715439712
2022-06-11,6.349535488741869
2022-06-12,7.415982282563981
2022-06-13,7.684093082908586
2022-06-14,8.381688473515547
2022-06-15,5.305428436587004
2022-06-16,5.841671759948656
2022-06-17,6.683900981669822
2022-06-18,1.756955364418525
2022-06-19,2.23625453169108
2022-06-20,7.520171120777184
2022-06-21,6.825202969583088
2022-06-22,9.260837019964566
2022-06-23,5.880982275703482
2022-06-24,8.640230630989988
2022-06-25,9.209422559602151
2022-06-26,8.066690041279882
2022-06-27,8.559071200784741
2022-06-28,7.729860718428073
2022-06-29,4.883875209718379
2022-06-30,6.889185498097281
2022-07-01,8.03154573796953
2022-07-02,4.938267653987474
2022-07-03,7.954980188946286
2022-07-04,6.686411586230555
2022-07-05,5.75041669141529
2022-07-06,6.7438071040539205
2022-07-07,5.543904604041689
2022-07-08,4.795406105772769
2022-07-09,3.46238381637308
2022-07-10,4.799498479881927
2022-07-11,6.8939913614009445
2022-07-12,8.4990193761746
2022-07-13,5.942761141020212
2022-07-14,3.6042204568161527
2022-07-15,3.8543668084973977
2022-07-16,3.093152592005604
2022-07-17,2.8350794572845968
2022-07-18,4.889773133791861
2022-07-19,7.125057978320162
2022-07-20,7.580428118822102
2022-07-21,5.300356971936611
2022-07-22,6.629435037217362
2022-07-23,6.892095497481531
2022-07-24,4.690298291032941
2022-07-25,3.18847454761512
2022-07-26,2.9603514443239494
2022-07-27,3.929237277334004
2022-07-28,3.245055450952375
2022-07-29,4.541904374586605
2022-07-30,4.120335659679546
2022-07-31,7.2447530625519
2022-08-01,5.717454243138793
2022-08-02,3.539653580031687
2022-08-03,2.216068024218097
2022-08-04,4.510291409107167
2022-08-05,5.232220625313715
2022-08-06,1.7489064517782786
2022-08-07,5.885965983283916
2022-08-08,6.291952114089852
2022-08-09,6.110531638297044
2022-08-10,3.779669677025728
2022-08-11,6.5728384264989606
2022-08-12,7.640529320767313
2022-08-13,1.2573926878939932
2022-08-14,6.472130656929214
2022-08-15,5.584455999351205
2022-08-16,5.584683761337072
2022-08-17,3.907620717672108
2022-08-18,5.487631878190311
2022-08-19,4.098557488261188
2022-08-20,3.277645290056973
2022-08-21,1.699868686411877
2022-08-22,7.166437063362615
2022-08-23,5.676418812129567
2022-08-24,4.70953282548867
2022-08-25,6.506973448377721
2022-08-26,6.192412653524422
2022-08-27,1.5228159364498055
2022-08-28,4.5421347667001415
2022-08-29,4.590496266874829
2022-08-30,3.335501250999694
2022-08-31,4.122642914451521
2022-09-01,3.5748581620297686
2022-09-02,2.316311637551874
2022-09-03,3.0513594606327645
2022-09-04,3.3041750326315538
2022-09-05,4.737344905649344
2022-09-06,2.926451756299042
2022-09-07,1.7480265988054264
2022-09-08,2.168269235078206
2022-09-09,2.488933462610468
2022-09-10,3.217037260926615
2022-09-11,2.078445459469936
2022-09-12,2.2596273374793854
2022-09-13,0.8204978024507321
2022-09-14,0.3969817573194484
2022-09-15,1.1480111685716794
2022-09-16,0.8577139931029221
2022-09-17,1.142119632023806
2022-09-18,0.4281246403480241
2022-09-19,0.959410485726595
2022-09-20,3.888724735443585
2022-09-21,3.378408979925805
2022-09-22,3.059619692291674
2022-09-23,0.7597697393561318
2022-09-24,1.1756326049288448
2022-09-25,1.467622750817239
2022-09-26,1.3949894684601496
2022-09-27,1.8637125673039805
2022-09-28,1.4528780361655205
2022-09-29,1.6918404301891046
2022-09-30,1.1671122567352754
2022-10-01,1.1533860982081927
2022-10-02,1.263106319446477
2022-10-03,1.58477921505804
2022-10-04,0.9607195777619952
2022-10-05,0.6126598120140571
2022-10-06,2.5386249912954244
2022-10-07,1.9522044667701333
2022-10-08,2.166272948724377
2022-10-09,1.9466720423891848
2022-10-10,1.5291954190155683
2022-10-11,1.0866591826032297
2022-10-12,1.882748743183829
2022-10-13,0.9453611766267364
2022-10-14,1.418027821776341
2022-10-15,0.6158287772292731
2022-10-16,0.298690265169456
2022-10-17,1.640235195840274
2022-10-18,1.4418459500818672
2022-10-19,0.9955275613000067
2022-10-20,1.1079861711674182
2022-10-21,0.5457266679807972
2022-10-22,0.6877766087118945
2022-10-23,1.1920395239629955
2022-10-24,0.0
2022-10-25,0.4153199986082146
2022-10-26,0.5326621825373413
2022-10-27,0.142486030870542
2022-10-28,0.7733116373360197
2022-10-29,0.554724140238537
2022-10-30,0.7515732719040049
2022-10-31,0.3789570587955482
2022-11-01,0.5712766815935324
2022-11-02,0.0646308855956906
2022-11-03,0.1262699963316366
2022-11-04,0.1734545639605227
2022-11-05,0.1063104851877955
2022-11-06,0.104787167042922
2022-11-07,0.225914574471653
2022-11-08,0.0
2022-11-09,0.0
2022-11-10,0.1892573376273857
2022-11-11,0.3952608172909756
2022-11-12,0.4283096608479984
2022-11-13,0.3719989191810774
2022-11-14,0.0
2022-11-15,0.0
2022-11-16,0.0
2022-11-17,0.0
2022-11-18,0.0
2022-11-19,0.0
2022-11-20,0.0
2022-11-21,0.0
2022-11-22,0.0
2022-11-23,0.0
2022-11-24,0.0
2022-11-25,0.0
2022-11-26,0.0
2022-11-27,0.0
2022-11-28,0.035920180991079
2022-11-29,0.0
2022-11-30,0.0
2022-12-01,0.0
2022-12-02,0.0
2022-12-03,0.0
2022-12-04,0.0
2022-12-05,0.0
2022-12-06,0.0
2022-12-07,0.0
2022-12-08,0.0
2022-12-09,0.0
2022-12-10,0.0
2022-12-11,0.0
2022-12-12,0.0
2022-12-13,0.0
2022-12-14,0.0
2022-12-15,0.0
2022-12-16,0.0
2022-12-17,0.0
2022-12-18,0.0
2022-12-19,0.0
2022-12-20,0.0
2022-12-21,0.0
2022-12-22,0.0
2022-12-23,0.0
2022-12-24,0.0
2022-12-25,0.0
2022-12-26,0.0
2022-12-27,0.0
2022-12-28,0.0
2022-12-29,0.0
2022-12-30,0.0
2022-12-31,0.0
2023-01-01,0.0
2023-01-02,0.0
2023-01-03,0.0
2023-01-04,0.0
2023-01-05,0.0
2023-01-06,0.0
2023-01-07,0.0
2023-01-08,0.0
2023-01-09,0.0
2023-01-10,0.0
2023-01-11,0.0
2023-01-12,0.0
2023-01-13,0.0
2023-01-14,0.0
2023-01-15,0.0
2023-01-16,0.0
2023-01-17,0.0
2023-01-18,0.0
2023-01-19,0.0
2023-01-20,0.0
2023-01-21,0.0
2023-01-22,0.0
2023-01-23,0.0
2023-01-24,0.0
2023-01-25,0.1568797673600839
2023-01-26,0.0
2023-01-27,0.0
2023-01-28,0.0
2023-01-29,0.0
2023-01-30,0.0
2023-01-31,0.0
2023-02-01,0.0
2023-02-02,0.0
2023-02-03,0.0
2023-02-04,0.0
2023-02-05,0.0
2023-02-06,0.0
2023-02-07,0.3838867628507361
2023-02-08,0.0
2023-02-09,0.0
2023-02-10,0.0
2023-02-11,0.0
2023-02-12,0.0
2023-02-13,0.6562647393140386
2023-02-14,0.7912445618064132
2023-02-15,0.0
2023-02-16,0.0
2023-02-17,0.0
2023-02-18,0.0
2023-02-19,0.0
2023-02-20,0.0
2023-02-21,0.0
2023-02-22,0.0
2023-02-23,0.0
2023-02-24,0.0
2023-02-25,0.0
2023-02-26,0.0
2023-02-27,1.2808579058225948
2023-02-28,1.2360050094960229
2023-03-01,1.3260043217988526
2023-03-02,1.4828282920951252
2023-03-03,0.0
2023-03-04,0.0
2023-03-05,0.0
2023-03-06,0.0
2023-03-07,0.0
2023-03-08,0.0
2023-03-09,0.0
2023-03-10,0.0
2023-03-11,0.0
2023-03-12,0.0
2023-03-13,0.0
2023-03-14,0.0
2023-03-15,0.0
2023-03-16,0.0
2023-03-17,0.0
2023-03-18,1.3294833357649298
2023-03-19,0.0
2023-03-20,0.0
2023-03-21,0.0
2023-03-22,0.0
2023-03-23,0.0
2023-03-24,0.0
2023-03-25,0.0
2023-03-26,0.0
2023-03-27,0.0
2023-03-28,0.0
2023-03-29,0.0
2023-03-30,0.0
2023-03-31,0.0
2023-04-01,0.0
2023-04-02,0.0
2023-04-03,0.0
2023-04-04,0.0
2023-04-05,3.5994994715458355
2023-04-06,0.0
2023-04-07,2.9806816735695936
2023-04-08,3.872406003059277
2023-04-09,4.042356950155744
2023-04-10,4.37283575812383
2023-04-11,2.904345983797648
2023-04-12,3.483001667730698
2023-04-13,0.0
2023-04-14,0.0
2023-04-15,0.0
2023-04-16,0.0
2023-04-17,4.753909815472562
2023-04-18,5.3606379098446935
2023-04-19,5.471009720480398
2023-04-20,6.005184217407688
2023-04-21,5.5543303706034965
2023-04-22,3.5366651100806914
2023-04-23,0.0
2023-04-24,0.0
2023-04-25,0.0
2023-04-26,0.8295690694131532
2023-04-27,3.083005362769603
2023-04-28,4.241108240653141
2023-04-29,5.17404279209138
2023-04-30,5.683898447716441
2023-05-01,5.971301326213084
2023-05-02,5.79296801282933
2023-05-03,0.0
2023-05-04,0.0
2023-05-05,0.0
2023-05-06,5.869193138372311
2023-05-07,5.34164706321366
2023-05-08,7.138484843783937
2023-05-09,6.309673842137499
2023-05-10,7.219273585209962
2023-05-11,8.268857253936378
2023-05-12,5.812230483429154
2023-05-13,7.376851117046177
2023-05-14,8.453668661540943
2023-05-15,7.470185625421706
2023-05-16,6.41701671445386
2023-05-17,0.9746086383352236
2023-05-18,5.628499056626371
2023-05-19,6.764113582043375
2023-05-20,6.590609670507937
2023-05-21,8.19590630707099
2023-05-22,7.496346680919395
2023-05-23,6.401311119764691
2023-05-24,4.065255922945965
2023-05-25,7.07270309265187
2023-05-26,6.278416922845791
2023-05-27,4.997845141184297
2023-05-28,5.946066410348083
2023-05-29,5.422113441186125
2023-05-30,6.702603144314463
2023-05-31,6.352811037646558
2023-06-01,5.656091851139362
2023-06-02,4.927699035271479
2023-06-03,3.807475307046046
2023-06-04,4.243422962571763
2023-06-05,7.340952345698937
2023-06-06,4.602841950879759
2023-06-07,6.183970387570481
2023-06-08,6.7950675650395285
2023-06-09,6.905448860574353
2023-06-10,7.246082364207175
2023-06-11,7.917202753186789
2023-06-12,5.459299673397752
2023-06-13,7.782901815107333
2023-06-14,8.016007611068183
2023-06-15,7.9219993041943315
2023-06-16,7.104802074614696
2023-06-17,7.031361398478232
2023-06-18,6.994014301975103
2023-06-19,6.553623338806379
2023-06-20,5.270053035388745
2023-06-21,4.893159768655288
2023-06-22,3.662877754373623
2023-06-23,4.499386934839182
2023-06-24,2.653605320767793
2023-06-25,2.9306269767758133
2023-06-26,6.083619917714307
2023-06-27,6.223618942348271
2023-06-28,7.478919881601286
2023-06-29,8.13166312739793
2023-06-30,6.134059007482314
2023-07-01,7.036730612644485
2023-07-02,4.789433720460589
2023-07-03,3.226696227305492
2023-07-04,2.145737129883922
2023-07-05,5.0129859613878445
2023-07-06,6.639678399266332
2023-07-07,6.327685975346475
2023-07-08,7.088285743499906
2023-07-09,6.813250815773151
2023-07-10,7.700244590357396
2023-07-11,9.254734422014854
2023-07-12,8.357628594670073
2023-07-13,7.438200694712464
2023-07-14,6.492921591617016
2023-07-15,8.202295429252493
2023-07-16,2.100469675028085
2023-07-17,7.235424107745946
2023-07-18,4.554621561733762
2023-07-19,6.504107280914723
2023-07-20,5.552901131885065
2023-07-21,3.894681112974928
2023-07-22,2.533446393595855
2023-07-23,2.7489604509622514
2023-07-24,1.972128679472868
2023-07-25,2.5377171445760025
2023-07-26,6.057687503192824
2023-07-27,7.384025340293336
2023-07-28,6.197746067689376
2023-07-29,3.982484153804672
2023-07-30,6.189688338923219
2023-07-31,5.512753203567939
2023-08-01,5.062965897490142
2023-08-02,1.1143242509038116
2023-08-03,5.65150340673324
2023-08-04,4.05255354496892
2023-08-05,8.441010943123807
2023-08-06,6.535167585641239
2023-08-07,3.8509816921808446
2023-08-08,6.543946392043591
2023-08-09,6.388516832083783
2023-08-10,6.57348425447784
2023-08-11,2.995579075840401
2023-08-12,5.030183011690143
2023-08-13,1.107485563700336
2023-08-14,4.935335222921141
2023-08-15,5.817223164651755
2023-08-16,3.370578174561918
2023-08-17,5.765812144493426
2023-08-18,4.233614323074529
2023-08-19,7.183439560635557
2023-08-20,6.831890657719008
2023-08-21,0.6949034759286978
2023-08-22,0.6034904393823427
2023-08-23,3.5322002908231243
2023-08-24,3.178779965979078
2023-08-25,4.826738747888134
2023-08-26,6.03150692576402
2023-08-27,5.669902286956848
2023-08-28,1.961060032437552
2023-08-29,4.0996020010409095
2023-08-30,3.8842883989145913
2023-08-31,1.314262204470995
2023-09-01,0.7313058153315661
2023-09-02,1.1746144327491237
2023-09-03,3.7528058861009614
2023-09-04,4.115789527453491
2023-09-05,4.359759023613296
2023-09-06,4.348998145010898
2023-09-07,4.598752517820236
2023-09-08,4.7944944364652144
2023-09-09,4.560989556827576
2023-09-10,3.332903374242151
2023-09-11,1.950867210130802
2023-09-12,0.7906605513707098
2023-09-13,3.3121844583448388
2023-09-14,3.9790315843180992
2023-09-15,1.6102187496602391
2023-09-16,1.7529441708626354
2023-09-17,3.678396624737198
2023-09-18,2.737338214133721
2023-09-19,0.2952638725044303
2023-09-20,0.8076567097249868
2023-09-21,0.3464168354594312
2023-09-22,1.2790379584080258
2023-09-23,2.1078785738083314
2023-09-24,3.1000699525853244
2023-09-25,1.0850745489665357
2023-09-26,3.177431989894244
2023-09-27,1.0599595671592985
2023-09-28,2.343465787161876
2023-09-29,1.0774928827559695
2023-09-30,1.7404518970998009
2023-10-01,1.3500949920688785
2023-10-02,1.5683159269363918
2023-10-03,2.0444300719626813
2023-10-04,1.486931178637691
2023-10-05,2.355320275849541
2023-10-06,0.4748638846784194
2023-10-07,2.1334365267817166
2023-10-08,2.144496296617568
2023-10-09,2.008222438346117
2023-10-10,0.7939969885189295
2023-10-11,0.4623190527631642
2023-10-12,1.2287064508200245
2023-10-13,1.3877496486969447
2023-10-14,0.2980153936084814
2023-10-15,1.5546404971211818
2023-10-16,1.2724821773822372
2023-10-17,1.366293427146024
2023-10-18,0.0
2023-10-19,0.0
2023-10-20,0.0
2023-10-21,0.0
2023-10-22,0.0
2023-10-23,0.0
2023-10-24,0.0
2023-10-25,0.0
2023-10-26,0.0
2023-10-27,0.0
2023-10-28,0.0
2023-10-29,0.0
2023-10-30,0.0
2023-10-31,0.0
2023-11-01,0.0
2023-11-02,0.0
2023-11-03,0.0
2023-11-04,0.0
2023-11-05,0.1068451382319011
2023-11-06,0.2157961071309055
2023-11-07,0.2259981040423095
2023-11-08,0.0
2023-11-09,0.0
2023-11-10,0.0
2023-11-11,0.0
2023-11-12,0.0
2023-11-13,0.0
2023-11-14,0.0
2023-11-15,0.0
2023-11-16,0.0
2023-11-17,0.0
2023-11-18,0.0
2023-11-19,0.0
2023-11-20,0.0
2023-11-21,0.0
2023-11-22,0.0
2023-11-23,0.0
2023-11-24,0.0
2023-11-25,0.0
2023-11-26,0.0
2023-11-27,0.0
2023-11-28,0.0
2023-11-29,0.0
2023-11-30,0.0
2023-12-01,0.0
2023-12-02,0.0
2023-12-03,0.0
2023-12-04,0.0
2023-12-05,0.0
2023-12-06,0.0
2023-12-07,0.0
2023-12-08,0.0
2023-12-09,0.0
2023-12-10,0.0
2023-12-11,0.0
2023-12-12,0.0
2023-12-13,0.0
2023-12-14,0.0
2023-12-15,0.0
2023-12-16,0.0
2023-12-17,0.0527926971778774
2023-12-18,0.0466929063813502
2023-12-19,0.0466651725971816
2023-12-20,0.0
2023-12-21,0.0
2023-12-22,0.0
2023-12-23,0.0
2023-12-24,0.0
2023-12-25,0.0
2023-12-26,0.0
2023-12-27,0.0
2023-12-28,0.0
2023-12-29,0.0
2023-12-30,0.0
2023-12-31,0.0
